<inventory xmlns="http://geofon.gfz-potsdam.de/ns/Inventory/1.0/">
	<network archive="afad" code="TU" description="National Seismic Network of Turkiye" end="" institutions="" netClass="p" publicID="Network/20210113121012.334343.2" region="" restricted="false" shared="true" start="1980-01-01T00:00:00.0000Z" type="">
		<remark />
		<station affiliation="National Seismic Network of Turkiye" archive="afad" archiveNetworkCode="" code="KKOY" country=" Diyarbakir" description="Kocakoy, Diyarbakir" elevation="963.0" end="" latitude="38.29178" longitude="40.508662" place="Kocakoy" publicID="Station/20210113121036.135626.13662" restricted="false" shared="true" start="2020-11-17T09:30:00.0000Z" type="">
			<remark />
			<sensorLocation code="" elevation="716.0" end="" latitude="37.6608" longitude="27.8792" publicID="SensorLocation/20230303112251.674688.14225" start="2023-03-03T07:45:00.0000Z">
				<stream azimuth="0.0" clockSerialNumber="" code="HHZ" datalogger="Datalogger/20230303112251.691693.14251" dataloggerChannel="0" dataloggerSerialNumber="xxxx" depth="0.0" dip="-90.0" end="" flags="CG" format="Steim2" gain="1874490000.0" gainFrequency="0.05" gainUnit="M/S" publicID="Stream/20230303112251.69154.14250" restricted="false" sampleRateDenominator="1" sampleRateNumerator="100" sensor="Sensor/20230303112251.699601.14260" sensorChannel="0" sensorSerialNumber="yyyy" shared="true" start="2023-03-03T07:45:00.0000Z" />
				<stream azimuth="0.0" clockSerialNumber="" code="HHN" datalogger="Datalogger/20230303112251.68329.14239" dataloggerChannel="1" dataloggerSerialNumber="xxxx" depth="0.0" dip="0.0" end="" flags="CG" format="Steim2" gain="1874490000.0" gainFrequency="0.05" gainUnit="M/S" publicID="Stream/20230303112251.683137.14238" restricted="false" sampleRateDenominator="1" sampleRateNumerator="100" sensor="Sensor/20230303112251.691198.14248" sensorChannel="1" sensorSerialNumber="yyyy" shared="true" start="2023-03-03T07:45:00.0000Z" />
				<stream azimuth="90.0" clockSerialNumber="" code="HHE" datalogger="Datalogger/20230303112251.674895.14227" dataloggerChannel="2" dataloggerSerialNumber="xxxx" depth="0.0" dip="0.0" end="" flags="CG" format="Steim2" gain="1874490000.0" gainFrequency="0.05" gainUnit="M/S" publicID="Stream/20230303112251.674741.14226" restricted="false" sampleRateDenominator="1" sampleRateNumerator="100" sensor="Sensor/20230303112251.682796.14236" sensorChannel="2" sensorSerialNumber="yyyy" shared="true" start="2023-03-03T07:45:00.0000Z" />
			</sensorLocation>
		</station>
	</network>
	<datalogger clockManufacturer="" clockModel="" clockType="" description="" digitizerManufacturer="" digitizerModel="" gain="312500.0" maxClockDrift="0.0" name="TU.KKOY.HHN.2023.062.07.45.00" publicID="Datalogger/20230303112251.68329.14239" recorderManufacturer="" recorderModel="">
		<remark />
		<decimation sampleRateDenominator="1" sampleRateNumerator="100">
			<analogueFilterChain />
			<digitalFilterChain>ResponseFIR/20230303112251.683934.14240 ResponseFIR/20230303112251.684631.14241 ResponseFIR/20230303112251.685265.14242 ResponseFIR/20230303112251.685937.14243 ResponseFIR/20230303112251.686691.14244 ResponseFIR/20230303112251.68753.14245 ResponseFIR/20230303112251.68887.14246 ResponseFIR/20230303112251.690195.14247</digitalFilterChain>
		</decimation>
	</datalogger>
	<datalogger clockManufacturer="" clockModel="" clockType="" description="" digitizerManufacturer="" digitizerModel="" gain="312500.0" maxClockDrift="0.0" name="TU.KKOY.HHZ.2023.062.07.45.00" publicID="Datalogger/20230303112251.691693.14251" recorderManufacturer="" recorderModel="">
		<remark />
		<decimation sampleRateDenominator="1" sampleRateNumerator="100">
			<analogueFilterChain />
			<digitalFilterChain>ResponseFIR/20230303112251.692327.14252 ResponseFIR/20230303112251.693024.14253 ResponseFIR/20230303112251.69366.14254 ResponseFIR/20230303112251.694296.14255 ResponseFIR/20230303112251.695013.14256 ResponseFIR/20230303112251.695852.14257 ResponseFIR/20230303112251.69724.14258 ResponseFIR/20230303112251.698612.14259</digitalFilterChain>
		</decimation>
	</datalogger>
	<datalogger clockManufacturer="" clockModel="" clockType="" description="" digitizerManufacturer="" digitizerModel="" gain="312500.0" maxClockDrift="0.0" name="TU.KKOY.HHE.2023.062.07.45.00" publicID="Datalogger/20230303112251.674895.14227" recorderManufacturer="" recorderModel="">
		<remark />
		<decimation sampleRateDenominator="1" sampleRateNumerator="100">
			<analogueFilterChain />
			<digitalFilterChain>ResponseFIR/20230303112251.675523.14228 ResponseFIR/20230303112251.676222.14229 ResponseFIR/20230303112251.676857.14230 ResponseFIR/20230303112251.677488.14231 ResponseFIR/20230303112251.678193.14232 ResponseFIR/20230303112251.679046.14233 ResponseFIR/20230303112251.680376.14234 ResponseFIR/20230303112251.681765.14235</digitalFilterChain>
		</decimation>
	</datalogger>
	<sensor description="CMG-3T, 120 s, 6000 V/m/s-DM-24 Mk3 Fixed Gain, ga" highFrequency="" lowFrequency="" manufacturer="CMG-3T," model="120" name="TU.KKOY.HHN.2023.062.07.45.00" publicID="Sensor/20230303112251.691198.14248" response="ResponsePAZ/20230303112251.691323.14249" type="" unit="M/S">
		<remark>{"unit":"Velocity in Meters Per Second"}</remark>
	</sensor>
	<sensor description="CMG-3T, 120 s, 6000 V/m/s-DM-24 Mk3 Fixed Gain, ga" highFrequency="" lowFrequency="" manufacturer="CMG-3T," model="120" name="TU.KKOY.HHZ.2023.062.07.45.00" publicID="Sensor/20230303112251.699601.14260" response="ResponsePAZ/20230303112251.699725.14261" type="" unit="M/S">
		<remark>{"unit":"Velocity in Meters Per Second"}</remark>
	</sensor>
	<sensor description="CMG-3T, 120 s, 6000 V/m/s-DM-24 Mk3 Fixed Gain, ga" highFrequency="" lowFrequency="" manufacturer="CMG-3T," model="120" name="TU.KKOY.HHE.2023.062.07.45.00" publicID="Sensor/20230303112251.682796.14236" response="ResponsePAZ/20230303112251.682921.14237" type="" unit="M/S">
		<remark>{"unit":"Velocity in Meters Per Second"}</remark>
	</sensor>
	<responseFIR correction="62.5" decimationFactor="2" delay="62.5" gain="1.0" gainFrequency="" name="TU.KKOY..HHE.2023.062.07.45.00.stage_8" numberOfCoefficients="63" publicID="ResponseFIR/20230303112251.678193.14232" symmetry="C">
		<coefficients>-3.41752e-06 -1.78578e-05 -4.18767e-05 -4.74603e-05 1.63656e-06 8.59676e-05 0.000110275 1.4007e-05 -9.80011e-05 -4.53905e-05 0.00014368 0.00018214 -7.01796e-05 -0.000279563 -4.84711e-05 0.000373328 0.000285676 -0.000343437 -0.000562736 0.000169962 0.000842347 0.000211213 -0.000994499 -0.000768221 0.000911179 0.00143478 -0.000471474 -0.00204921 -0.000372799 0.00240642 0.00158944 -0.00226673 -0.00301565 0.00142968 0.00436788 0.000213523 -0.00525572 -0.00260752 0.00524705 0.0054947 -0.00394666 -0.0083971 0.00109986 0.0106478 0.00331466 -0.0114571 -0.00900787 0.0100128 0.0153434 -0.0055838 -0.0213365 -0.00240468 0.0256716 0.0143909 -0.0266602 -0.030925 0.0219005 0.0536112 -0.00660299 -0.0892568 -0.0368818 0.186535 0.403778</coefficients>
		<remark />
	</responseFIR>
	<responseFIR correction="250.0" decimationFactor="2" delay="250.0" gain="1.0" gainFrequency="" name="TU.KKOY..HHE.2023.062.07.45.00.stage_9" numberOfCoefficients="251" publicID="ResponseFIR/20230303112251.679046.14233" symmetry="B">
		<coefficients>-6.37636e-09 1.71912e-08 1.49348e-07 3.82829e-07 4.99922e-07 2.68039e-07 -1.5794e-07 -2.83379e-07 4.78314e-08 3.07629e-07 3.48068e-08 -3.4546e-07 -1.34159e-07 3.80835e-07 2.63226e-07 -3.97579e-07 -4.24387e-07 3.80617e-07 6.14636e-07 -3.15548e-07 -8.26773e-07 1.88618e-07 1.04944e-06 1.27199e-08 -1.26701e-06 -2.98992e-07 1.45946e-06 6.77572e-07 -1.60257e-06 -1.15143e-06 1.66836e-06 1.71788e-06 -1.62585e-06 -2.36725e-06 1.44219e-06 3.08168e-06 -1.08426e-06 -3.83427e-06 5.20403e-07 4.58825e-06 2.77335e-07 -5.29671e-06 -1.33061e-06 5.90285e-06 2.65228e-06 -6.34055e-06 -4.24328e-06 6.53616e-06 6.09027e-06 -6.41016e-06 -8.16261e-06 5.88036e-06 1.04105e-05 -4.86509e-06 -1.27627e-05 3.28765e-06 1.51257e-05 -1.08122e-06 -1.73836e-05 -1.80614e-06 1.93983e-05 5.40551e-06 -2.10119e-05 -9.72161e-06 2.20498e-05 1.4727e-05 -2.2325e-05 -2.03569e-05 2.16444e-05 2.65045e-05 -1.98159e-05 -3.30178e-05 1.66565e-05 3.9697e-05 -1.2003e-05 -4.62939e-05 5.72185e-06 5.25138e-05 2.27976e-06 -5.80184e-05 -1.20423e-05 6.24321e-05 2.35425e-05 -6.53502e-05 -3.66836e-05 6.63506e-05 5.12857e-05 -6.5006e-05 -6.70783e-05 6.09012e-05 8.36956e-05 -5.36502e-05 -0.000100674 4.29159e-05 0.000117453 -2.84313e-05 -0.000133382 1.00204e-05 0.000147726 1.23799e-05 -0.000159684 -3.87005e-05 0.000168402 6.87205e-05 -0.000173001 -0.000102053 0.0001726 0.000138131 -0.000166347 -0.000176203 0.000153457 0.000215329 -0.000133244 -0.000254386 0.000105162 0.000292079 -6.88425e-05 -0.00032696 2.41322e-05 0.000357454 2.88705e-05 -0.000381895 -8.97846e-05 0.000398564 0.00015792 -0.000405743 -0.000232256 0.000401763 0.000311432 -0.000385073 -0.000393744 0.000354295 0.000477153 -0.000308296 -0.000559305 0.000246253 0.000637563 -0.000167717 -0.000709054 7.26732e-05 0.00077072 3.83996e-05 -0.000819398 -0.000164491 0.000851888 0.000304015 -0.000865055 -0.000454794 0.00085592 0.000614048 -0.000821769 -0.000778406 0.000760261 0.000943932 -0.000669535 -0.00110617 0.000548324 0.00126021 -0.000396051 -0.00140078 0.000212926 0.00152234 -2.64348e-08 -0.0016192 -0.000240637 0.00168567 0.000506071 -0.00171622 -0.000792274 0.00170559 0.00109423 -0.00164902 -0.00140594 0.00154239 0.00172047 -0.00138239 -0.00203 0.00116668 0.00232597 -0.000894081 -0.00259919 0.000564675 0.00284 -0.000179952 -0.00303843 -0.000257097 0.00318445 0.000741894 -0.00326812 -0.00126824 0.00327986 0.00182827 -0.00321067 -0.00241252 0.00305235 0.0030099 -0.00279777 -0.00360783 0.00244105 0.00419231 -0.00197776 -0.00474807 0.00140515 0.00525872 -0.000722238 -0.00570686 -7.00017e-05 0.0060743 0.000968605 -0.0063422 -0.00196855 0.00649116 0.00306275 -0.0065013 -0.0042421 0.00635228 0.00549559 -0.00602314 -0.00681037 0.00549204 0.00817201 -0.00473563 -0.00956464 0.00372819 0.0109712 -0.00244 -0.0123739 0.000834881 0.0137542 0.00113389 -0.0150934 -0.0035303 0.0163729 0.0064472 -0.0175746 -0.0100273 0.0186811 0.0145032 -0.0196762 -0.0202819 0.0205452 0.0281408 -0.0212749 -0.0397599 0.0218543 0.0595314 -0.0222747 -0.103605 0.0225295 0.317473 0.477384</coefficients>
		<remark />
	</responseFIR>
	<responseFIR correction="17.50016" decimationFactor="8" delay="17.50016" gain="1.0" gainFrequency="" name="TU.KKOY..HHE.2023.062.07.45.00.stage_4" numberOfCoefficients="18" publicID="ResponseFIR/20230303112251.675523.14228" symmetry="C">
		<coefficients>3.05176e-05 0.000152588 0.000457764 0.00106812 0.00213623 0.00384521 0.00640869 0.0100708 0.0149536 0.0210571 0.0282593 0.0363159 0.0448608 0.0534058 0.0613403 0.0679321 0.0726318 0.0750732</coefficients>
		<remark />
	</responseFIR>
	<responseFIR correction="2.500032" decimationFactor="2" delay="2.500032" gain="1.0" gainFrequency="" name="TU.KKOY..HHE.2023.062.07.45.00.stage_5" numberOfCoefficients="3" publicID="ResponseFIR/20230303112251.676222.14229" symmetry="C">
		<coefficients>0.03125 0.15625 0.3125</coefficients>
		<remark />
	</responseFIR>
	<responseFIR correction="3.0" decimationFactor="2" delay="3.0" gain="1.0" gainFrequency="" name="TU.KKOY..HHE.2023.062.07.45.00.stage_6" numberOfCoefficients="4" publicID="ResponseFIR/20230303112251.676857.14230" symmetry="B">
		<coefficients>0.015625 0.09375 0.234375 0.3125</coefficients>
		<remark />
	</responseFIR>
	<responseFIR correction="23.5008" decimationFactor="4" delay="23.5008" gain="1.0" gainFrequency="" name="TU.KKOY..HHE.2023.062.07.45.00.stage_7" numberOfCoefficients="24" publicID="ResponseFIR/20230303112251.677488.14231" symmetry="C">
		<coefficients>1.42825e-05 4.87602e-05 9.81347e-05 0.000131 9.3425e-06 -0.000371601 -0.00101838 -0.00172427 -0.00178938 -0.00049784 0.00249391 0.00662629 0.00961285 0.00850723 0.00102035 -0.0127048 -0.0277493 -0.0356507 -0.0269602 0.00484879 0.0580113 0.122065 0.180265 0.214714</coefficients>
		<remark />
	</responseFIR>
	<responseFIR correction="23.5008" decimationFactor="4" delay="23.5008" gain="1.0" gainFrequency="" name="TU.KKOY..HHZ.2023.062.07.45.00.stage_7" numberOfCoefficients="24" publicID="ResponseFIR/20230303112251.694296.14255" symmetry="C">
		<coefficients>1.42825e-05 4.87602e-05 9.81347e-05 0.000131 9.3425e-06 -0.000371601 -0.00101838 -0.00172427 -0.00178938 -0.00049784 0.00249391 0.00662629 0.00961285 0.00850723 0.00102035 -0.0127048 -0.0277493 -0.0356507 -0.0269602 0.00484879 0.0580113 0.122065 0.180265 0.214714</coefficients>
		<remark />
	</responseFIR>
	<responseFIR correction="3.0" decimationFactor="2" delay="3.0" gain="1.0" gainFrequency="" name="TU.KKOY..HHZ.2023.062.07.45.00.stage_6" numberOfCoefficients="4" publicID="ResponseFIR/20230303112251.69366.14254" symmetry="B">
		<coefficients>0.015625 0.09375 0.234375 0.3125</coefficients>
		<remark />
	</responseFIR>
	<responseFIR correction="2.500032" decimationFactor="2" delay="2.500032" gain="1.0" gainFrequency="" name="TU.KKOY..HHZ.2023.062.07.45.00.stage_5" numberOfCoefficients="3" publicID="ResponseFIR/20230303112251.693024.14253" symmetry="C">
		<coefficients>0.03125 0.15625 0.3125</coefficients>
		<remark />
	</responseFIR>
	<responseFIR correction="17.50016" decimationFactor="8" delay="17.50016" gain="1.0" gainFrequency="" name="TU.KKOY..HHZ.2023.062.07.45.00.stage_4" numberOfCoefficients="18" publicID="ResponseFIR/20230303112251.692327.14252" symmetry="C">
		<coefficients>3.05176e-05 0.000152588 0.000457764 0.00106812 0.00213623 0.00384521 0.00640869 0.0100708 0.0149536 0.0210571 0.0282593 0.0363159 0.0448608 0.0534058 0.0613403 0.0679321 0.0726318 0.0750732</coefficients>
		<remark />
	</responseFIR>
	<responseFIR correction="62.5" decimationFactor="2" delay="62.5" gain="1.0" gainFrequency="" name="TU.KKOY..HHZ.2023.062.07.45.00.stage_8" numberOfCoefficients="63" publicID="ResponseFIR/20230303112251.695013.14256" symmetry="C">
		<coefficients>-3.41752e-06 -1.78578e-05 -4.18767e-05 -4.74603e-05 1.63656e-06 8.59676e-05 0.000110275 1.4007e-05 -9.80011e-05 -4.53905e-05 0.00014368 0.00018214 -7.01796e-05 -0.000279563 -4.84711e-05 0.000373328 0.000285676 -0.000343437 -0.000562736 0.000169962 0.000842347 0.000211213 -0.000994499 -0.000768221 0.000911179 0.00143478 -0.000471474 -0.00204921 -0.000372799 0.00240642 0.00158944 -0.00226673 -0.00301565 0.00142968 0.00436788 0.000213523 -0.00525572 -0.00260752 0.00524705 0.0054947 -0.00394666 -0.0083971 0.00109986 0.0106478 0.00331466 -0.0114571 -0.00900787 0.0100128 0.0153434 -0.0055838 -0.0213365 -0.00240468 0.0256716 0.0143909 -0.0266602 -0.030925 0.0219005 0.0536112 -0.00660299 -0.0892568 -0.0368818 0.186535 0.403778</coefficients>
		<remark />
	</responseFIR>
	<responseFIR correction="250.0" decimationFactor="2" delay="250.0" gain="1.0" gainFrequency="" name="TU.KKOY..HHZ.2023.062.07.45.00.stage_9" numberOfCoefficients="251" publicID="ResponseFIR/20230303112251.695852.14257" symmetry="B">
		<coefficients>-6.37636e-09 1.71912e-08 1.49348e-07 3.82829e-07 4.99922e-07 2.68039e-07 -1.5794e-07 -2.83379e-07 4.78314e-08 3.07629e-07 3.48068e-08 -3.4546e-07 -1.34159e-07 3.80835e-07 2.63226e-07 -3.97579e-07 -4.24387e-07 3.80617e-07 6.14636e-07 -3.15548e-07 -8.26773e-07 1.88618e-07 1.04944e-06 1.27199e-08 -1.26701e-06 -2.98992e-07 1.45946e-06 6.77572e-07 -1.60257e-06 -1.15143e-06 1.66836e-06 1.71788e-06 -1.62585e-06 -2.36725e-06 1.44219e-06 3.08168e-06 -1.08426e-06 -3.83427e-06 5.20403e-07 4.58825e-06 2.77335e-07 -5.29671e-06 -1.33061e-06 5.90285e-06 2.65228e-06 -6.34055e-06 -4.24328e-06 6.53616e-06 6.09027e-06 -6.41016e-06 -8.16261e-06 5.88036e-06 1.04105e-05 -4.86509e-06 -1.27627e-05 3.28765e-06 1.51257e-05 -1.08122e-06 -1.73836e-05 -1.80614e-06 1.93983e-05 5.40551e-06 -2.10119e-05 -9.72161e-06 2.20498e-05 1.4727e-05 -2.2325e-05 -2.03569e-05 2.16444e-05 2.65045e-05 -1.98159e-05 -3.30178e-05 1.66565e-05 3.9697e-05 -1.2003e-05 -4.62939e-05 5.72185e-06 5.25138e-05 2.27976e-06 -5.80184e-05 -1.20423e-05 6.24321e-05 2.35425e-05 -6.53502e-05 -3.66836e-05 6.63506e-05 5.12857e-05 -6.5006e-05 -6.70783e-05 6.09012e-05 8.36956e-05 -5.36502e-05 -0.000100674 4.29159e-05 0.000117453 -2.84313e-05 -0.000133382 1.00204e-05 0.000147726 1.23799e-05 -0.000159684 -3.87005e-05 0.000168402 6.87205e-05 -0.000173001 -0.000102053 0.0001726 0.000138131 -0.000166347 -0.000176203 0.000153457 0.000215329 -0.000133244 -0.000254386 0.000105162 0.000292079 -6.88425e-05 -0.00032696 2.41322e-05 0.000357454 2.88705e-05 -0.000381895 -8.97846e-05 0.000398564 0.00015792 -0.000405743 -0.000232256 0.000401763 0.000311432 -0.000385073 -0.000393744 0.000354295 0.000477153 -0.000308296 -0.000559305 0.000246253 0.000637563 -0.000167717 -0.000709054 7.26732e-05 0.00077072 3.83996e-05 -0.000819398 -0.000164491 0.000851888 0.000304015 -0.000865055 -0.000454794 0.00085592 0.000614048 -0.000821769 -0.000778406 0.000760261 0.000943932 -0.000669535 -0.00110617 0.000548324 0.00126021 -0.000396051 -0.00140078 0.000212926 0.00152234 -2.64348e-08 -0.0016192 -0.000240637 0.00168567 0.000506071 -0.00171622 -0.000792274 0.00170559 0.00109423 -0.00164902 -0.00140594 0.00154239 0.00172047 -0.00138239 -0.00203 0.00116668 0.00232597 -0.000894081 -0.00259919 0.000564675 0.00284 -0.000179952 -0.00303843 -0.000257097 0.00318445 0.000741894 -0.00326812 -0.00126824 0.00327986 0.00182827 -0.00321067 -0.00241252 0.00305235 0.0030099 -0.00279777 -0.00360783 0.00244105 0.00419231 -0.00197776 -0.00474807 0.00140515 0.00525872 -0.000722238 -0.00570686 -7.00017e-05 0.0060743 0.000968605 -0.0063422 -0.00196855 0.00649116 0.00306275 -0.0065013 -0.0042421 0.00635228 0.00549559 -0.00602314 -0.00681037 0.00549204 0.00817201 -0.00473563 -0.00956464 0.00372819 0.0109712 -0.00244 -0.0123739 0.000834881 0.0137542 0.00113389 -0.0150934 -0.0035303 0.0163729 0.0064472 -0.0175746 -0.0100273 0.0186811 0.0145032 -0.0196762 -0.0202819 0.0205452 0.0281408 -0.0212749 -0.0397599 0.0218543 0.0595314 -0.0222747 -0.103605 0.0225295 0.317473 0.477384</coefficients>
		<remark />
	</responseFIR>
	<responseFIR correction="250.0" decimationFactor="2" delay="250.0" gain="1.0" gainFrequency="" name="TU.KKOY..HHZ.2023.062.07.45.00.stage_11" numberOfCoefficients="251" publicID="ResponseFIR/20230303112251.698612.14259" symmetry="B">
		<coefficients>-6.37636e-09 1.71912e-08 1.49348e-07 3.82829e-07 4.99922e-07 2.68039e-07 -1.5794e-07 -2.83379e-07 4.78314e-08 3.07629e-07 3.48068e-08 -3.4546e-07 -1.34159e-07 3.80835e-07 2.63226e-07 -3.97579e-07 -4.24387e-07 3.80617e-07 6.14636e-07 -3.15548e-07 -8.26773e-07 1.88618e-07 1.04944e-06 1.27199e-08 -1.26701e-06 -2.98992e-07 1.45946e-06 6.77572e-07 -1.60257e-06 -1.15143e-06 1.66836e-06 1.71788e-06 -1.62585e-06 -2.36725e-06 1.44219e-06 3.08168e-06 -1.08426e-06 -3.83427e-06 5.20403e-07 4.58825e-06 2.77335e-07 -5.29671e-06 -1.33061e-06 5.90285e-06 2.65228e-06 -6.34055e-06 -4.24328e-06 6.53616e-06 6.09027e-06 -6.41016e-06 -8.16261e-06 5.88036e-06 1.04105e-05 -4.86509e-06 -1.27627e-05 3.28765e-06 1.51257e-05 -1.08122e-06 -1.73836e-05 -1.80614e-06 1.93983e-05 5.40551e-06 -2.10119e-05 -9.72161e-06 2.20498e-05 1.4727e-05 -2.2325e-05 -2.03569e-05 2.16444e-05 2.65045e-05 -1.98159e-05 -3.30178e-05 1.66565e-05 3.9697e-05 -1.2003e-05 -4.62939e-05 5.72185e-06 5.25138e-05 2.27976e-06 -5.80184e-05 -1.20423e-05 6.24321e-05 2.35425e-05 -6.53502e-05 -3.66836e-05 6.63506e-05 5.12857e-05 -6.5006e-05 -6.70783e-05 6.09012e-05 8.36956e-05 -5.36502e-05 -0.000100674 4.29159e-05 0.000117453 -2.84313e-05 -0.000133382 1.00204e-05 0.000147726 1.23799e-05 -0.000159684 -3.87005e-05 0.000168402 6.87205e-05 -0.000173001 -0.000102053 0.0001726 0.000138131 -0.000166347 -0.000176203 0.000153457 0.000215329 -0.000133244 -0.000254386 0.000105162 0.000292079 -6.88425e-05 -0.00032696 2.41322e-05 0.000357454 2.88705e-05 -0.000381895 -8.97846e-05 0.000398564 0.00015792 -0.000405743 -0.000232256 0.000401763 0.000311432 -0.000385073 -0.000393744 0.000354295 0.000477153 -0.000308296 -0.000559305 0.000246253 0.000637563 -0.000167717 -0.000709054 7.26732e-05 0.00077072 3.83996e-05 -0.000819398 -0.000164491 0.000851888 0.000304015 -0.000865055 -0.000454794 0.00085592 0.000614048 -0.000821769 -0.000778406 0.000760261 0.000943932 -0.000669535 -0.00110617 0.000548324 0.00126021 -0.000396051 -0.00140078 0.000212926 0.00152234 -2.64348e-08 -0.0016192 -0.000240637 0.00168567 0.000506071 -0.00171622 -0.000792274 0.00170559 0.00109423 -0.00164902 -0.00140594 0.00154239 0.00172047 -0.00138239 -0.00203 0.00116668 0.00232597 -0.000894081 -0.00259919 0.000564675 0.00284 -0.000179952 -0.00303843 -0.000257097 0.00318445 0.000741894 -0.00326812 -0.00126824 0.00327986 0.00182827 -0.00321067 -0.00241252 0.00305235 0.0030099 -0.00279777 -0.00360783 0.00244105 0.00419231 -0.00197776 -0.00474807 0.00140515 0.00525872 -0.000722238 -0.00570686 -7.00017e-05 0.0060743 0.000968605 -0.0063422 -0.00196855 0.00649116 0.00306275 -0.0065013 -0.0042421 0.00635228 0.00549559 -0.00602314 -0.00681037 0.00549204 0.00817201 -0.00473563 -0.00956464 0.00372819 0.0109712 -0.00244 -0.0123739 0.000834881 0.0137542 0.00113389 -0.0150934 -0.0035303 0.0163729 0.0064472 -0.0175746 -0.0100273 0.0186811 0.0145032 -0.0196762 -0.0202819 0.0205452 0.0281408 -0.0212749 -0.0397599 0.0218543 0.0595314 -0.0222747 -0.103605 0.0225295 0.317473 0.477384</coefficients>
		<remark />
	</responseFIR>
	<responseFIR correction="250.0" decimationFactor="5" delay="250.0" gain="1.0" gainFrequency="" name="TU.KKOY..HHZ.2023.062.07.45.00.stage_10" numberOfCoefficients="251" publicID="ResponseFIR/20230303112251.69724.14258" symmetry="B">
		<coefficients>2.18133e-08 1.07949e-07 2.97668e-07 6.7328e-07 1.29904e-06 2.23174e-06 3.47369e-06 4.95543e-06 6.51287e-06 7.89386e-06 8.78813e-06 8.88862e-06 7.97196e-06 5.98212e-06 3.09182e-06 -2.82545e-07 -3.5304e-06 -5.96252e-06 -6.97514e-06 -6.22528e-06 -3.7683e-06 -1.0881e-07 3.86722e-06 7.08202e-06 8.54283e-06 7.63851e-06 4.36992e-06 -5.66688e-07 -5.89246e-06 -1.00512e-05 -1.16426e-05 -9.87006e-06 -4.86415e-06 2.23456e-06 9.49564e-06 1.46949e-05 1.59688e-05 1.24433e-05 4.63412e-06 -5.53917e-06 -1.518e-05 -2.12062e-05 -2.13e-05 -1.4735e-05 -2.79981e-06 1.13681e-05 2.35577e-05 2.96958e-05 2.71597e-05 1.57804e-05 -1.82088e-06 -2.07508e-05 -3.51502e-05 -3.99577e-05 -3.26168e-05 -1.41689e-05 1.06886e-05 3.47127e-05 5.01643e-05 5.12369e-05 3.61225e-05 8.00771e-06 -2.5435e-05 -5.40531e-05 -6.82257e-05 -6.20094e-05 -3.54153e-05 5.00665e-06 4.76365e-05 7.9032e-05 8.80817e-05 6.98051e-05 2.75371e-05 -2.73675e-05 -7.84469e-05 -0.000108968 -0.000107296 -7.11086e-05 -8.98467e-06 6.13917e-05 0.000118129 0.000141822 0.000122033 6.14332e-05 -2.39288e-05 -0.000108674 -0.000165495 -0.000173814 -0.000126991 -3.56169e-05 7.44923e-05 0.000169394 0.000217331 0.000199166 0.000115571 -1.16217e-05 -0.000144815 -0.000241567 -0.000267935 -0.000210101 -8.03715e-05 8.48167e-05 0.00023486 0.000320289 0.000308842 0.00019717 1.40353e-05 -0.000186652 -0.000341442 -0.000397181 -0.000328927 -0.000150021 8.9534e-05 0.000316675 0.000457299 0.000460154 0.000314983 5.86357e-05 -0.000233648 -0.000469983 -0.000570433 -0.000493658 -0.000252834 8.50167e-05 0.000417175 0.000636116 0.000663968 0.0004796 0.000129079 -0.000284949 -0.000632871 -0.000798317 -0.000716615 -0.000398918 6.6714e-05 0.000539045 0.00086607 0.000933503 0.000704006 0.000233903 -0.000339407 -0.000837023 -0.00109391 -0.00101305 -0.00060085 2.8931e-05 0.000685634 0.00115888 0.00128542 0.00100461 0.000383906 -0.000395633 -0.00109139 -0.0014741 -0.0014027 -0.000874885 -3.5595e-05 0.000861556 0.0015302 0.00174192 0.00140326 0.000593372 -0.000452085 -0.00140849 -0.00196226 -0.00191279 -0.00124339 -0.000136647 0.00107373 0.00200255 0.00233481 0.0019312 0.00088256 -0.000507066 -0.00180722 -0.00259326 -0.00258386 -0.00173952 -0.000288292 0.00133356 0.0026113 0.00311376 0.00263708 0.00128271 -0.00055893 -0.002319 -0.00342435 -0.00348236 -0.00241753 -0.000512989 0.00166139 0.0034174 0.00416427 0.0036048 0.00184748 -0.000606021 -0.00300102 -0.00455931 -0.00472916 -0.00337631 -0.000851042 0.00209702 0.00453794 0.0056512 0.00499708 0.00268122 -0.000646818 -0.00397034 -0.00621133 -0.00657465 -0.0048225 -0.00138653 0.00272841 0.00623122 0.00794226 0.00718152 0.00402229 -0.000680012 -0.00550815 -0.00889948 -0.00963898 -0.0072772 -0.00233432 0.00379046 0.00919788 0.0120578 0.0112037 0.00656611 -0.000704529 -0.00849131 -0.0142936 -0.0159871 -0.0125407 -0.00446519 0.00617091 0.0162063 0.0222403 0.0216614 0.0135644 -0.000719569 -0.0176716 -0.0322537 -0.0390704 -0.0337521 -0.0142075 0.0185924 0.0605342 0.105047 0.144423 0.171467 0.181094</coefficients>
		<remark />
	</responseFIR>
	<responseFIR correction="250.0" decimationFactor="2" delay="250.0" gain="1.0" gainFrequency="" name="TU.KKOY..HHN.2023.062.07.45.00.stage_9" numberOfCoefficients="251" publicID="ResponseFIR/20230303112251.68753.14245" symmetry="B">
		<coefficients>-6.37636e-09 1.71912e-08 1.49348e-07 3.82829e-07 4.99922e-07 2.68039e-07 -1.5794e-07 -2.83379e-07 4.78314e-08 3.07629e-07 3.48068e-08 -3.4546e-07 -1.34159e-07 3.80835e-07 2.63226e-07 -3.97579e-07 -4.24387e-07 3.80617e-07 6.14636e-07 -3.15548e-07 -8.26773e-07 1.88618e-07 1.04944e-06 1.27199e-08 -1.26701e-06 -2.98992e-07 1.45946e-06 6.77572e-07 -1.60257e-06 -1.15143e-06 1.66836e-06 1.71788e-06 -1.62585e-06 -2.36725e-06 1.44219e-06 3.08168e-06 -1.08426e-06 -3.83427e-06 5.20403e-07 4.58825e-06 2.77335e-07 -5.29671e-06 -1.33061e-06 5.90285e-06 2.65228e-06 -6.34055e-06 -4.24328e-06 6.53616e-06 6.09027e-06 -6.41016e-06 -8.16261e-06 5.88036e-06 1.04105e-05 -4.86509e-06 -1.27627e-05 3.28765e-06 1.51257e-05 -1.08122e-06 -1.73836e-05 -1.80614e-06 1.93983e-05 5.40551e-06 -2.10119e-05 -9.72161e-06 2.20498e-05 1.4727e-05 -2.2325e-05 -2.03569e-05 2.16444e-05 2.65045e-05 -1.98159e-05 -3.30178e-05 1.66565e-05 3.9697e-05 -1.2003e-05 -4.62939e-05 5.72185e-06 5.25138e-05 2.27976e-06 -5.80184e-05 -1.20423e-05 6.24321e-05 2.35425e-05 -6.53502e-05 -3.66836e-05 6.63506e-05 5.12857e-05 -6.5006e-05 -6.70783e-05 6.09012e-05 8.36956e-05 -5.36502e-05 -0.000100674 4.29159e-05 0.000117453 -2.84313e-05 -0.000133382 1.00204e-05 0.000147726 1.23799e-05 -0.000159684 -3.87005e-05 0.000168402 6.87205e-05 -0.000173001 -0.000102053 0.0001726 0.000138131 -0.000166347 -0.000176203 0.000153457 0.000215329 -0.000133244 -0.000254386 0.000105162 0.000292079 -6.88425e-05 -0.00032696 2.41322e-05 0.000357454 2.88705e-05 -0.000381895 -8.97846e-05 0.000398564 0.00015792 -0.000405743 -0.000232256 0.000401763 0.000311432 -0.000385073 -0.000393744 0.000354295 0.000477153 -0.000308296 -0.000559305 0.000246253 0.000637563 -0.000167717 -0.000709054 7.26732e-05 0.00077072 3.83996e-05 -0.000819398 -0.000164491 0.000851888 0.000304015 -0.000865055 -0.000454794 0.00085592 0.000614048 -0.000821769 -0.000778406 0.000760261 0.000943932 -0.000669535 -0.00110617 0.000548324 0.00126021 -0.000396051 -0.00140078 0.000212926 0.00152234 -2.64348e-08 -0.0016192 -0.000240637 0.00168567 0.000506071 -0.00171622 -0.000792274 0.00170559 0.00109423 -0.00164902 -0.00140594 0.00154239 0.00172047 -0.00138239 -0.00203 0.00116668 0.00232597 -0.000894081 -0.00259919 0.000564675 0.00284 -0.000179952 -0.00303843 -0.000257097 0.00318445 0.000741894 -0.00326812 -0.00126824 0.00327986 0.00182827 -0.00321067 -0.00241252 0.00305235 0.0030099 -0.00279777 -0.00360783 0.00244105 0.00419231 -0.00197776 -0.00474807 0.00140515 0.00525872 -0.000722238 -0.00570686 -7.00017e-05 0.0060743 0.000968605 -0.0063422 -0.00196855 0.00649116 0.00306275 -0.0065013 -0.0042421 0.00635228 0.00549559 -0.00602314 -0.00681037 0.00549204 0.00817201 -0.00473563 -0.00956464 0.00372819 0.0109712 -0.00244 -0.0123739 0.000834881 0.0137542 0.00113389 -0.0150934 -0.0035303 0.0163729 0.0064472 -0.0175746 -0.0100273 0.0186811 0.0145032 -0.0196762 -0.0202819 0.0205452 0.0281408 -0.0212749 -0.0397599 0.0218543 0.0595314 -0.0222747 -0.103605 0.0225295 0.317473 0.477384</coefficients>
		<remark />
	</responseFIR>
	<responseFIR correction="62.5" decimationFactor="2" delay="62.5" gain="1.0" gainFrequency="" name="TU.KKOY..HHN.2023.062.07.45.00.stage_8" numberOfCoefficients="63" publicID="ResponseFIR/20230303112251.686691.14244" symmetry="C">
		<coefficients>-3.41752e-06 -1.78578e-05 -4.18767e-05 -4.74603e-05 1.63656e-06 8.59676e-05 0.000110275 1.4007e-05 -9.80011e-05 -4.53905e-05 0.00014368 0.00018214 -7.01796e-05 -0.000279563 -4.84711e-05 0.000373328 0.000285676 -0.000343437 -0.000562736 0.000169962 0.000842347 0.000211213 -0.000994499 -0.000768221 0.000911179 0.00143478 -0.000471474 -0.00204921 -0.000372799 0.00240642 0.00158944 -0.00226673 -0.00301565 0.00142968 0.00436788 0.000213523 -0.00525572 -0.00260752 0.00524705 0.0054947 -0.00394666 -0.0083971 0.00109986 0.0106478 0.00331466 -0.0114571 -0.00900787 0.0100128 0.0153434 -0.0055838 -0.0213365 -0.00240468 0.0256716 0.0143909 -0.0266602 -0.030925 0.0219005 0.0536112 -0.00660299 -0.0892568 -0.0368818 0.186535 0.403778</coefficients>
		<remark />
	</responseFIR>
	<responseFIR correction="23.5008" decimationFactor="4" delay="23.5008" gain="1.0" gainFrequency="" name="TU.KKOY..HHN.2023.062.07.45.00.stage_7" numberOfCoefficients="24" publicID="ResponseFIR/20230303112251.685937.14243" symmetry="C">
		<coefficients>1.42825e-05 4.87602e-05 9.81347e-05 0.000131 9.3425e-06 -0.000371601 -0.00101838 -0.00172427 -0.00178938 -0.00049784 0.00249391 0.00662629 0.00961285 0.00850723 0.00102035 -0.0127048 -0.0277493 -0.0356507 -0.0269602 0.00484879 0.0580113 0.122065 0.180265 0.214714</coefficients>
		<remark />
	</responseFIR>
	<responseFIR correction="3.0" decimationFactor="2" delay="3.0" gain="1.0" gainFrequency="" name="TU.KKOY..HHN.2023.062.07.45.00.stage_6" numberOfCoefficients="4" publicID="ResponseFIR/20230303112251.685265.14242" symmetry="B">
		<coefficients>0.015625 0.09375 0.234375 0.3125</coefficients>
		<remark />
	</responseFIR>
	<responseFIR correction="2.500032" decimationFactor="2" delay="2.500032" gain="1.0" gainFrequency="" name="TU.KKOY..HHN.2023.062.07.45.00.stage_5" numberOfCoefficients="3" publicID="ResponseFIR/20230303112251.684631.14241" symmetry="C">
		<coefficients>0.03125 0.15625 0.3125</coefficients>
		<remark />
	</responseFIR>
	<responseFIR correction="17.50016" decimationFactor="8" delay="17.50016" gain="1.0" gainFrequency="" name="TU.KKOY..HHN.2023.062.07.45.00.stage_4" numberOfCoefficients="18" publicID="ResponseFIR/20230303112251.683934.14240" symmetry="C">
		<coefficients>3.05176e-05 0.000152588 0.000457764 0.00106812 0.00213623 0.00384521 0.00640869 0.0100708 0.0149536 0.0210571 0.0282593 0.0363159 0.0448608 0.0534058 0.0613403 0.0679321 0.0726318 0.0750732</coefficients>
		<remark />
	</responseFIR>
	<responseFIR correction="250.0" decimationFactor="5" delay="250.0" gain="1.0" gainFrequency="" name="TU.KKOY..HHE.2023.062.07.45.00.stage_10" numberOfCoefficients="251" publicID="ResponseFIR/20230303112251.680376.14234" symmetry="B">
		<coefficients>2.18133e-08 1.07949e-07 2.97668e-07 6.7328e-07 1.29904e-06 2.23174e-06 3.47369e-06 4.95543e-06 6.51287e-06 7.89386e-06 8.78813e-06 8.88862e-06 7.97196e-06 5.98212e-06 3.09182e-06 -2.82545e-07 -3.5304e-06 -5.96252e-06 -6.97514e-06 -6.22528e-06 -3.7683e-06 -1.0881e-07 3.86722e-06 7.08202e-06 8.54283e-06 7.63851e-06 4.36992e-06 -5.66688e-07 -5.89246e-06 -1.00512e-05 -1.16426e-05 -9.87006e-06 -4.86415e-06 2.23456e-06 9.49564e-06 1.46949e-05 1.59688e-05 1.24433e-05 4.63412e-06 -5.53917e-06 -1.518e-05 -2.12062e-05 -2.13e-05 -1.4735e-05 -2.79981e-06 1.13681e-05 2.35577e-05 2.96958e-05 2.71597e-05 1.57804e-05 -1.82088e-06 -2.07508e-05 -3.51502e-05 -3.99577e-05 -3.26168e-05 -1.41689e-05 1.06886e-05 3.47127e-05 5.01643e-05 5.12369e-05 3.61225e-05 8.00771e-06 -2.5435e-05 -5.40531e-05 -6.82257e-05 -6.20094e-05 -3.54153e-05 5.00665e-06 4.76365e-05 7.9032e-05 8.80817e-05 6.98051e-05 2.75371e-05 -2.73675e-05 -7.84469e-05 -0.000108968 -0.000107296 -7.11086e-05 -8.98467e-06 6.13917e-05 0.000118129 0.000141822 0.000122033 6.14332e-05 -2.39288e-05 -0.000108674 -0.000165495 -0.000173814 -0.000126991 -3.56169e-05 7.44923e-05 0.000169394 0.000217331 0.000199166 0.000115571 -1.16217e-05 -0.000144815 -0.000241567 -0.000267935 -0.000210101 -8.03715e-05 8.48167e-05 0.00023486 0.000320289 0.000308842 0.00019717 1.40353e-05 -0.000186652 -0.000341442 -0.000397181 -0.000328927 -0.000150021 8.9534e-05 0.000316675 0.000457299 0.000460154 0.000314983 5.86357e-05 -0.000233648 -0.000469983 -0.000570433 -0.000493658 -0.000252834 8.50167e-05 0.000417175 0.000636116 0.000663968 0.0004796 0.000129079 -0.000284949 -0.000632871 -0.000798317 -0.000716615 -0.000398918 6.6714e-05 0.000539045 0.00086607 0.000933503 0.000704006 0.000233903 -0.000339407 -0.000837023 -0.00109391 -0.00101305 -0.00060085 2.8931e-05 0.000685634 0.00115888 0.00128542 0.00100461 0.000383906 -0.000395633 -0.00109139 -0.0014741 -0.0014027 -0.000874885 -3.5595e-05 0.000861556 0.0015302 0.00174192 0.00140326 0.000593372 -0.000452085 -0.00140849 -0.00196226 -0.00191279 -0.00124339 -0.000136647 0.00107373 0.00200255 0.00233481 0.0019312 0.00088256 -0.000507066 -0.00180722 -0.00259326 -0.00258386 -0.00173952 -0.000288292 0.00133356 0.0026113 0.00311376 0.00263708 0.00128271 -0.00055893 -0.002319 -0.00342435 -0.00348236 -0.00241753 -0.000512989 0.00166139 0.0034174 0.00416427 0.0036048 0.00184748 -0.000606021 -0.00300102 -0.00455931 -0.00472916 -0.00337631 -0.000851042 0.00209702 0.00453794 0.0056512 0.00499708 0.00268122 -0.000646818 -0.00397034 -0.00621133 -0.00657465 -0.0048225 -0.00138653 0.00272841 0.00623122 0.00794226 0.00718152 0.00402229 -0.000680012 -0.00550815 -0.00889948 -0.00963898 -0.0072772 -0.00233432 0.00379046 0.00919788 0.0120578 0.0112037 0.00656611 -0.000704529 -0.00849131 -0.0142936 -0.0159871 -0.0125407 -0.00446519 0.00617091 0.0162063 0.0222403 0.0216614 0.0135644 -0.000719569 -0.0176716 -0.0322537 -0.0390704 -0.0337521 -0.0142075 0.0185924 0.0605342 0.105047 0.144423 0.171467 0.181094</coefficients>
		<remark />
	</responseFIR>
	<responseFIR correction="250.0" decimationFactor="2" delay="250.0" gain="1.0" gainFrequency="" name="TU.KKOY..HHE.2023.062.07.45.00.stage_11" numberOfCoefficients="251" publicID="ResponseFIR/20230303112251.681765.14235" symmetry="B">
		<coefficients>-6.37636e-09 1.71912e-08 1.49348e-07 3.82829e-07 4.99922e-07 2.68039e-07 -1.5794e-07 -2.83379e-07 4.78314e-08 3.07629e-07 3.48068e-08 -3.4546e-07 -1.34159e-07 3.80835e-07 2.63226e-07 -3.97579e-07 -4.24387e-07 3.80617e-07 6.14636e-07 -3.15548e-07 -8.26773e-07 1.88618e-07 1.04944e-06 1.27199e-08 -1.26701e-06 -2.98992e-07 1.45946e-06 6.77572e-07 -1.60257e-06 -1.15143e-06 1.66836e-06 1.71788e-06 -1.62585e-06 -2.36725e-06 1.44219e-06 3.08168e-06 -1.08426e-06 -3.83427e-06 5.20403e-07 4.58825e-06 2.77335e-07 -5.29671e-06 -1.33061e-06 5.90285e-06 2.65228e-06 -6.34055e-06 -4.24328e-06 6.53616e-06 6.09027e-06 -6.41016e-06 -8.16261e-06 5.88036e-06 1.04105e-05 -4.86509e-06 -1.27627e-05 3.28765e-06 1.51257e-05 -1.08122e-06 -1.73836e-05 -1.80614e-06 1.93983e-05 5.40551e-06 -2.10119e-05 -9.72161e-06 2.20498e-05 1.4727e-05 -2.2325e-05 -2.03569e-05 2.16444e-05 2.65045e-05 -1.98159e-05 -3.30178e-05 1.66565e-05 3.9697e-05 -1.2003e-05 -4.62939e-05 5.72185e-06 5.25138e-05 2.27976e-06 -5.80184e-05 -1.20423e-05 6.24321e-05 2.35425e-05 -6.53502e-05 -3.66836e-05 6.63506e-05 5.12857e-05 -6.5006e-05 -6.70783e-05 6.09012e-05 8.36956e-05 -5.36502e-05 -0.000100674 4.29159e-05 0.000117453 -2.84313e-05 -0.000133382 1.00204e-05 0.000147726 1.23799e-05 -0.000159684 -3.87005e-05 0.000168402 6.87205e-05 -0.000173001 -0.000102053 0.0001726 0.000138131 -0.000166347 -0.000176203 0.000153457 0.000215329 -0.000133244 -0.000254386 0.000105162 0.000292079 -6.88425e-05 -0.00032696 2.41322e-05 0.000357454 2.88705e-05 -0.000381895 -8.97846e-05 0.000398564 0.00015792 -0.000405743 -0.000232256 0.000401763 0.000311432 -0.000385073 -0.000393744 0.000354295 0.000477153 -0.000308296 -0.000559305 0.000246253 0.000637563 -0.000167717 -0.000709054 7.26732e-05 0.00077072 3.83996e-05 -0.000819398 -0.000164491 0.000851888 0.000304015 -0.000865055 -0.000454794 0.00085592 0.000614048 -0.000821769 -0.000778406 0.000760261 0.000943932 -0.000669535 -0.00110617 0.000548324 0.00126021 -0.000396051 -0.00140078 0.000212926 0.00152234 -2.64348e-08 -0.0016192 -0.000240637 0.00168567 0.000506071 -0.00171622 -0.000792274 0.00170559 0.00109423 -0.00164902 -0.00140594 0.00154239 0.00172047 -0.00138239 -0.00203 0.00116668 0.00232597 -0.000894081 -0.00259919 0.000564675 0.00284 -0.000179952 -0.00303843 -0.000257097 0.00318445 0.000741894 -0.00326812 -0.00126824 0.00327986 0.00182827 -0.00321067 -0.00241252 0.00305235 0.0030099 -0.00279777 -0.00360783 0.00244105 0.00419231 -0.00197776 -0.00474807 0.00140515 0.00525872 -0.000722238 -0.00570686 -7.00017e-05 0.0060743 0.000968605 -0.0063422 -0.00196855 0.00649116 0.00306275 -0.0065013 -0.0042421 0.00635228 0.00549559 -0.00602314 -0.00681037 0.00549204 0.00817201 -0.00473563 -0.00956464 0.00372819 0.0109712 -0.00244 -0.0123739 0.000834881 0.0137542 0.00113389 -0.0150934 -0.0035303 0.0163729 0.0064472 -0.0175746 -0.0100273 0.0186811 0.0145032 -0.0196762 -0.0202819 0.0205452 0.0281408 -0.0212749 -0.0397599 0.0218543 0.0595314 -0.0222747 -0.103605 0.0225295 0.317473 0.477384</coefficients>
		<remark />
	</responseFIR>
	<responseFIR correction="250.0" decimationFactor="2" delay="250.0" gain="1.0" gainFrequency="" name="TU.KKOY..HHN.2023.062.07.45.00.stage_11" numberOfCoefficients="251" publicID="ResponseFIR/20230303112251.690195.14247" symmetry="B">
		<coefficients>-6.37636e-09 1.71912e-08 1.49348e-07 3.82829e-07 4.99922e-07 2.68039e-07 -1.5794e-07 -2.83379e-07 4.78314e-08 3.07629e-07 3.48068e-08 -3.4546e-07 -1.34159e-07 3.80835e-07 2.63226e-07 -3.97579e-07 -4.24387e-07 3.80617e-07 6.14636e-07 -3.15548e-07 -8.26773e-07 1.88618e-07 1.04944e-06 1.27199e-08 -1.26701e-06 -2.98992e-07 1.45946e-06 6.77572e-07 -1.60257e-06 -1.15143e-06 1.66836e-06 1.71788e-06 -1.62585e-06 -2.36725e-06 1.44219e-06 3.08168e-06 -1.08426e-06 -3.83427e-06 5.20403e-07 4.58825e-06 2.77335e-07 -5.29671e-06 -1.33061e-06 5.90285e-06 2.65228e-06 -6.34055e-06 -4.24328e-06 6.53616e-06 6.09027e-06 -6.41016e-06 -8.16261e-06 5.88036e-06 1.04105e-05 -4.86509e-06 -1.27627e-05 3.28765e-06 1.51257e-05 -1.08122e-06 -1.73836e-05 -1.80614e-06 1.93983e-05 5.40551e-06 -2.10119e-05 -9.72161e-06 2.20498e-05 1.4727e-05 -2.2325e-05 -2.03569e-05 2.16444e-05 2.65045e-05 -1.98159e-05 -3.30178e-05 1.66565e-05 3.9697e-05 -1.2003e-05 -4.62939e-05 5.72185e-06 5.25138e-05 2.27976e-06 -5.80184e-05 -1.20423e-05 6.24321e-05 2.35425e-05 -6.53502e-05 -3.66836e-05 6.63506e-05 5.12857e-05 -6.5006e-05 -6.70783e-05 6.09012e-05 8.36956e-05 -5.36502e-05 -0.000100674 4.29159e-05 0.000117453 -2.84313e-05 -0.000133382 1.00204e-05 0.000147726 1.23799e-05 -0.000159684 -3.87005e-05 0.000168402 6.87205e-05 -0.000173001 -0.000102053 0.0001726 0.000138131 -0.000166347 -0.000176203 0.000153457 0.000215329 -0.000133244 -0.000254386 0.000105162 0.000292079 -6.88425e-05 -0.00032696 2.41322e-05 0.000357454 2.88705e-05 -0.000381895 -8.97846e-05 0.000398564 0.00015792 -0.000405743 -0.000232256 0.000401763 0.000311432 -0.000385073 -0.000393744 0.000354295 0.000477153 -0.000308296 -0.000559305 0.000246253 0.000637563 -0.000167717 -0.000709054 7.26732e-05 0.00077072 3.83996e-05 -0.000819398 -0.000164491 0.000851888 0.000304015 -0.000865055 -0.000454794 0.00085592 0.000614048 -0.000821769 -0.000778406 0.000760261 0.000943932 -0.000669535 -0.00110617 0.000548324 0.00126021 -0.000396051 -0.00140078 0.000212926 0.00152234 -2.64348e-08 -0.0016192 -0.000240637 0.00168567 0.000506071 -0.00171622 -0.000792274 0.00170559 0.00109423 -0.00164902 -0.00140594 0.00154239 0.00172047 -0.00138239 -0.00203 0.00116668 0.00232597 -0.000894081 -0.00259919 0.000564675 0.00284 -0.000179952 -0.00303843 -0.000257097 0.00318445 0.000741894 -0.00326812 -0.00126824 0.00327986 0.00182827 -0.00321067 -0.00241252 0.00305235 0.0030099 -0.00279777 -0.00360783 0.00244105 0.00419231 -0.00197776 -0.00474807 0.00140515 0.00525872 -0.000722238 -0.00570686 -7.00017e-05 0.0060743 0.000968605 -0.0063422 -0.00196855 0.00649116 0.00306275 -0.0065013 -0.0042421 0.00635228 0.00549559 -0.00602314 -0.00681037 0.00549204 0.00817201 -0.00473563 -0.00956464 0.00372819 0.0109712 -0.00244 -0.0123739 0.000834881 0.0137542 0.00113389 -0.0150934 -0.0035303 0.0163729 0.0064472 -0.0175746 -0.0100273 0.0186811 0.0145032 -0.0196762 -0.0202819 0.0205452 0.0281408 -0.0212749 -0.0397599 0.0218543 0.0595314 -0.0222747 -0.103605 0.0225295 0.317473 0.477384</coefficients>
		<remark />
	</responseFIR>
	<responseFIR correction="250.0" decimationFactor="5" delay="250.0" gain="1.0" gainFrequency="" name="TU.KKOY..HHN.2023.062.07.45.00.stage_10" numberOfCoefficients="251" publicID="ResponseFIR/20230303112251.68887.14246" symmetry="B">
		<coefficients>2.18133e-08 1.07949e-07 2.97668e-07 6.7328e-07 1.29904e-06 2.23174e-06 3.47369e-06 4.95543e-06 6.51287e-06 7.89386e-06 8.78813e-06 8.88862e-06 7.97196e-06 5.98212e-06 3.09182e-06 -2.82545e-07 -3.5304e-06 -5.96252e-06 -6.97514e-06 -6.22528e-06 -3.7683e-06 -1.0881e-07 3.86722e-06 7.08202e-06 8.54283e-06 7.63851e-06 4.36992e-06 -5.66688e-07 -5.89246e-06 -1.00512e-05 -1.16426e-05 -9.87006e-06 -4.86415e-06 2.23456e-06 9.49564e-06 1.46949e-05 1.59688e-05 1.24433e-05 4.63412e-06 -5.53917e-06 -1.518e-05 -2.12062e-05 -2.13e-05 -1.4735e-05 -2.79981e-06 1.13681e-05 2.35577e-05 2.96958e-05 2.71597e-05 1.57804e-05 -1.82088e-06 -2.07508e-05 -3.51502e-05 -3.99577e-05 -3.26168e-05 -1.41689e-05 1.06886e-05 3.47127e-05 5.01643e-05 5.12369e-05 3.61225e-05 8.00771e-06 -2.5435e-05 -5.40531e-05 -6.82257e-05 -6.20094e-05 -3.54153e-05 5.00665e-06 4.76365e-05 7.9032e-05 8.80817e-05 6.98051e-05 2.75371e-05 -2.73675e-05 -7.84469e-05 -0.000108968 -0.000107296 -7.11086e-05 -8.98467e-06 6.13917e-05 0.000118129 0.000141822 0.000122033 6.14332e-05 -2.39288e-05 -0.000108674 -0.000165495 -0.000173814 -0.000126991 -3.56169e-05 7.44923e-05 0.000169394 0.000217331 0.000199166 0.000115571 -1.16217e-05 -0.000144815 -0.000241567 -0.000267935 -0.000210101 -8.03715e-05 8.48167e-05 0.00023486 0.000320289 0.000308842 0.00019717 1.40353e-05 -0.000186652 -0.000341442 -0.000397181 -0.000328927 -0.000150021 8.9534e-05 0.000316675 0.000457299 0.000460154 0.000314983 5.86357e-05 -0.000233648 -0.000469983 -0.000570433 -0.000493658 -0.000252834 8.50167e-05 0.000417175 0.000636116 0.000663968 0.0004796 0.000129079 -0.000284949 -0.000632871 -0.000798317 -0.000716615 -0.000398918 6.6714e-05 0.000539045 0.00086607 0.000933503 0.000704006 0.000233903 -0.000339407 -0.000837023 -0.00109391 -0.00101305 -0.00060085 2.8931e-05 0.000685634 0.00115888 0.00128542 0.00100461 0.000383906 -0.000395633 -0.00109139 -0.0014741 -0.0014027 -0.000874885 -3.5595e-05 0.000861556 0.0015302 0.00174192 0.00140326 0.000593372 -0.000452085 -0.00140849 -0.00196226 -0.00191279 -0.00124339 -0.000136647 0.00107373 0.00200255 0.00233481 0.0019312 0.00088256 -0.000507066 -0.00180722 -0.00259326 -0.00258386 -0.00173952 -0.000288292 0.00133356 0.0026113 0.00311376 0.00263708 0.00128271 -0.00055893 -0.002319 -0.00342435 -0.00348236 -0.00241753 -0.000512989 0.00166139 0.0034174 0.00416427 0.0036048 0.00184748 -0.000606021 -0.00300102 -0.00455931 -0.00472916 -0.00337631 -0.000851042 0.00209702 0.00453794 0.0056512 0.00499708 0.00268122 -0.000646818 -0.00397034 -0.00621133 -0.00657465 -0.0048225 -0.00138653 0.00272841 0.00623122 0.00794226 0.00718152 0.00402229 -0.000680012 -0.00550815 -0.00889948 -0.00963898 -0.0072772 -0.00233432 0.00379046 0.00919788 0.0120578 0.0112037 0.00656611 -0.000704529 -0.00849131 -0.0142936 -0.0159871 -0.0125407 -0.00446519 0.00617091 0.0162063 0.0222403 0.0216614 0.0135644 -0.000719569 -0.0176716 -0.0322537 -0.0390704 -0.0337521 -0.0142075 0.0185924 0.0605342 0.105047 0.144423 0.171467 0.181094</coefficients>
		<remark />
	</responseFIR>
	<responsePAZ correction="" decimationFactor="" delay="" gain="6000.0" gainFrequency="1.0" name="TU.KKOY.HHN.2023.062.07.45.00" normalizationFactor="571508000.0" normalizationFrequency="1.0" numberOfPoles="5" numberOfZeros="2" publicID="ResponsePAZ/20230303112251.691323.14249" type="A">
		<zeros>(0.0,0.0) (0.0,0.0)</zeros>
		<poles>(-0.037008,0.037008) (-0.037008,-0.037008) (-502.65,0.0) (-1005.0,0.0) (-1131.0,0.0)</poles>
		<remark />
	</responsePAZ>
	<responsePAZ correction="" decimationFactor="" delay="" gain="6000.0" gainFrequency="1.0" name="TU.KKOY.HHZ.2023.062.07.45.00" normalizationFactor="571508000.0" normalizationFrequency="1.0" numberOfPoles="5" numberOfZeros="2" publicID="ResponsePAZ/20230303112251.699725.14261" type="A">
		<zeros>(0.0,0.0) (0.0,0.0)</zeros>
		<poles>(-0.037008,0.037008) (-0.037008,-0.037008) (-502.65,0.0) (-1005.0,0.0) (-1131.0,0.0)</poles>
		<remark />
	</responsePAZ>
	<responsePAZ correction="" decimationFactor="" delay="" gain="6000.0" gainFrequency="1.0" name="TU.KKOY.HHE.2023.062.07.45.00" normalizationFactor="571508000.0" normalizationFrequency="1.0" numberOfPoles="5" numberOfZeros="2" publicID="ResponsePAZ/20230303112251.682921.14237" type="A">
		<zeros>(0.0,0.0) (0.0,0.0)</zeros>
		<poles>(-0.037008,0.037008) (-0.037008,-0.037008) (-502.65,0.0) (-1005.0,0.0) (-1131.0,0.0)</poles>
		<remark />
	</responsePAZ>
</inventory>