<inventory xmlns="http://geofon.gfz-potsdam.de/ns/Inventory/1.0/">
	<network archive="afad" code="TK" description="National Strong Motion Network of Turkey" end="" institutions="" netClass="p" publicID="Network/20210217133028.714265.2" region="" restricted="false" shared="true" start="1980-01-01T00:00:00.0000Z" type="">
		<remark />
		<station affiliation="National Strong Motion Network of Turkey" archive="afad" archiveNetworkCode="" code="1211" country=" Bingol" description="Solhan, Bingol" elevation="1383.0" end="" latitude="38.96616" longitude="41.0504" place="Solhan" publicID="Station/20210217133030.775796.3093" restricted="false" shared="true" start="2011-10-23T00:00:00.0000Z" type="">
			<remark />
			<sensorLocation code="" elevation="1383.0" end="" latitude="38.96616" longitude="41.0504" publicID="SensorLocation/20210217133030.776289.3094" start="2011-10-23T00:00:00.0000Z">
				<stream azimuth="0.0" clockSerialNumber="" code="HNZ" datalogger="Datalogger/20210217133030.798604.3112" dataloggerChannel="0" dataloggerSerialNumber="xxxx" depth="0.0" dip="-90.0" end="" flags="CG" format="Steim2" gain="332676.0" gainFrequency="0.05" gainUnit="M/S**2" publicID="Stream/20210217133030.798313.3111" restricted="false" sampleRateDenominator="1" sampleRateNumerator="100" sensor="Sensor/20210217133030.808787.3117" sensorChannel="0" sensorSerialNumber="yyyy" shared="true" start="2011-10-23T00:00:00.0000Z" />
				<stream azimuth="90.0" clockSerialNumber="" code="HNE" datalogger="Datalogger/20210217133030.776709.3096" dataloggerChannel="2" dataloggerSerialNumber="xxxx" depth="0.0" dip="0.0" end="" flags="CG" format="Steim2" gain="331921.0" gainFrequency="0.05" gainUnit="M/S**2" publicID="Stream/20210217133030.776427.3095" restricted="false" sampleRateDenominator="1" sampleRateNumerator="100" sensor="Sensor/20210217133030.786921.3101" sensorChannel="2" sensorSerialNumber="yyyy" shared="true" start="2011-10-23T00:00:00.0000Z" />
				<stream azimuth="0.0" clockSerialNumber="" code="HNN" datalogger="Datalogger/20210217133030.787755.3104" dataloggerChannel="1" dataloggerSerialNumber="xxxx" depth="0.0" dip="0.0" end="" flags="CG" format="Steim2" gain="331598.0" gainFrequency="0.05" gainUnit="M/S**2" publicID="Stream/20210217133030.787487.3103" restricted="false" sampleRateDenominator="1" sampleRateNumerator="100" sensor="Sensor/20210217133030.797762.3109" sensorChannel="1" sensorSerialNumber="yyyy" shared="true" start="2011-10-23T00:00:00.0000Z" />
			</sensorLocation>
		</station>
	</network>
	<datalogger clockManufacturer="" clockModel="" clockType="" description="" digitizerManufacturer="" digitizerModel="" gain="324465.0" maxClockDrift="0.0" name="TK.1211.HNN.2011.296.00.00.00" publicID="Datalogger/20210217133030.787755.3104" recorderManufacturer="" recorderModel="">
		<remark />
		<decimation sampleRateDenominator="1" sampleRateNumerator="100">
			<analogueFilterChain />
			<digitalFilterChain>ResponseFIR/20210217133030.788192.3105 ResponseFIR/20210217133030.791388.3106 ResponseFIR/20210217133030.793553.3107 ResponseFIR/20210217133030.795764.3108</digitalFilterChain>
		</decimation>
	</datalogger>
	<datalogger clockManufacturer="" clockModel="" clockType="" description="" digitizerManufacturer="" digitizerModel="" gain="326158.0" maxClockDrift="0.0" name="TK.1211.HNZ.2011.296.00.00.00" publicID="Datalogger/20210217133030.798604.3112" recorderManufacturer="" recorderModel="">
		<remark />
		<decimation sampleRateDenominator="1" sampleRateNumerator="100">
			<analogueFilterChain />
			<digitalFilterChain>ResponseFIR/20210217133030.799078.3113 ResponseFIR/20210217133030.802385.3114 ResponseFIR/20210217133030.804571.3115 ResponseFIR/20210217133030.806776.3116</digitalFilterChain>
		</decimation>
	</datalogger>
	<datalogger clockManufacturer="" clockModel="" clockType="" description="" digitizerManufacturer="" digitizerModel="" gain="324781.0" maxClockDrift="0.0" name="TK.1211.HNE.2011.296.00.00.00" publicID="Datalogger/20210217133030.776709.3096" recorderManufacturer="" recorderModel="">
		<remark />
		<decimation sampleRateDenominator="1" sampleRateNumerator="100">
			<analogueFilterChain />
			<digitalFilterChain>ResponseFIR/20210217133030.777159.3097 ResponseFIR/20210217133030.780344.3098 ResponseFIR/20210217133030.782546.3099 ResponseFIR/20210217133030.784867.3100</digitalFilterChain>
		</decimation>
	</datalogger>
	<sensor description="GURALP CMG-5T DC_100 s,  2X0.508 V/m/s**2, 4g" highFrequency="" lowFrequency="" manufacturer="GURALP" model="CMG-5T" name="TK.1211.HNN.2011.296.00.00.00" publicID="Sensor/20210217133030.797762.3109" response="ResponsePAZ/20210217133030.797893.3110" type="" unit="M/S**2">
		<remark>{"unit":"Acceleration in Meters Per Second Per Second"}</remark>
	</sensor>
	<sensor description="GURALP CMG-5T DC_100 s,  2X0.508 V/m/s**2, 4g" highFrequency="" lowFrequency="" manufacturer="GURALP" model="CMG-5T" name="TK.1211.HNZ.2011.296.00.00.00" publicID="Sensor/20210217133030.808787.3117" response="ResponsePAZ/20210217133030.808913.3118" type="" unit="M/S**2">
		<remark>{"unit":"Acceleration in Meters Per Second Per Second"}</remark>
	</sensor>
	<sensor description="GURALP CMG-5T DC_100 s,  2X0.508 V/m/s**2, 4g" highFrequency="" lowFrequency="" manufacturer="GURALP" model="CMG-5T" name="TK.1211.HNE.2011.296.00.00.00" publicID="Sensor/20210217133030.786921.3101" response="ResponsePAZ/20210217133030.787054.3102" type="" unit="M/S**2">
		<remark>{"unit":"Acceleration in Meters Per Second Per Second"}</remark>
	</sensor>
	<responseFIR correction="381.4912" decimationFactor="64" delay="381.4912" gain="1.0" gainFrequency="" name="TK.1211..HNN.2011.296.00.00.00.stage_4" numberOfCoefficients="382" publicID="ResponseFIR/20210217133030.788192.3105" symmetry="C">
		<coefficients>1.16415e-10 5.82077e-10 1.74623e-09 4.07454e-09 8.14907e-09 1.46683e-08 2.44472e-08 3.84171e-08 5.76256e-08 8.3237e-08 1.16532e-07 1.58907e-07 2.11876e-07 2.77068e-07 3.56231e-07 4.51226e-07 5.64032e-07 6.96746e-07 8.51578e-07 1.03086e-06 1.23703e-06 1.47265e-06 1.74041e-06 2.04309e-06 2.3836e-06 2.76498e-06 3.19036e-06 3.66301e-06 4.18629e-06 4.76371e-06 5.39888e-06 6.09551e-06 6.85744e-06 7.68865e-06 8.5932e-06 9.57528e-06 1.06392e-05 1.17894e-05 1.30304e-05 1.43668e-05 1.58035e-05 1.73453e-05 1.89972e-05 2.07644e-05 2.26521e-05 2.46656e-05 2.68104e-05 2.90922e-05 3.15165e-05 3.40893e-05 3.68165e-05 3.9704e-05 4.27582e-05 4.59852e-05 4.93915e-05 5.29836e-05 5.67682e-05 6.07519e-05 6.49417e-05 6.93445e-05 7.39675e-05 7.88178e-05 8.39029e-05 8.923e-05 9.48064e-05 0.000100639 0.000106734 0.000113097 0.000119734 0.000126651 0.000133853 0.000141343 0.000149127 0.000157209 0.000165592 0.000174279 0.000183273 0.000192577 0.000202192 0.000212122 0.000222367 0.000232929 0.000243808 0.000255005 0.00026652 0.000278352 0.000290502 0.000302967 0.000315748 0.000328842 0.000342247 0.000355961 0.000369982 0.000384306 0.000398929 0.000413849 0.000429061 0.00044456 0.000460343 0.000476403 0.000492736 0.000509334 0.000526194 0.000543307 0.000560667 0.000578266 0.000596098 0.000614154 0.000632426 0.000650906 0.000669583 0.00068845 0.000707496 0.000726712 0.000746086 0.000765609 0.000785269 0.000805055 0.000824955 0.000844957 0.000865049 0.000885217 0.000905449 0.000925731 0.000946049 0.000966389 0.000986736 0.00100708 0.00102739 0.00104768 0.00106791 0.00108808 0.00110817 0.00112817 0.00114807 0.00116786 0.00118752 0.00120704 0.00122641 0.00124563 0.00126468 0.00128354 0.00130222 0.0013207 0.00133897 0.00135703 0.00137486 0.00139246 0.00140982 0.00142693 0.00144379 0.00146039 0.00147672 0.00149278 0.00150856 0.00152406 0.00153928 0.0015542 0.00156882 0.00158314 0.00159716 0.00161088 0.00162428 0.00163738 0.00165016 0.00166262 0.00167477 0.00168661 0.00169812 0.00170932 0.0017202 0.00173076 0.001741 0.00175093 0.00176055 0.00176985 0.00177885 0.00178753 0.00179592 0.001804 0.00181178 0.00181927 0.00182647 0.00183339 0.00184003 0.00184639 0.00185249 0.00185832 0.00186389 0.00186922 0.00187431 0.00187916 0.00188378 0.00188818 0.00189237 0.00189636 0.00190014 0.00190373 0.00190714 0.00191037 0.00191342 0.00191631 0.00191904 0.00192161 0.00192403 0.00192631 0.00192846 0.00193047 0.00193236 0.00193413 0.00193578 0.00193732 0.00193876 0.00194009 0.00194134 0.00194249 0.00194355 0.00194453 0.00194544 0.00194627 0.00194703 0.00194773 0.00194836 0.00194894 0.00194946 0.00194993 0.00195036 0.00195074 0.00195108 0.00195138 0.00195165 0.00195189 0.00195209 0.00195227 0.00195243 0.00195256 0.00195267 0.00195277 0.00195285 0.00195291 0.00195297 0.00195301 0.00195304 0.00195307 0.00195309 0.0019531 0.00195311 0.00195312 0.00195312 0.00195312 0.00195312 0.00195312 0.00195313 0.00195313 0.00195313 0.00195313 0.00195313 0.00195313 0.00195313 0.00195313 0.00195313 0.00195313 0.00195313 0.00195313 0.00195313 0.00195313 0.00195313 0.00195313 0.00195313 0.00195313 0.00195313 0.00195313 0.00195313 0.00195313 0.00195313 0.00195313 0.00195313 0.00195313 0.00195313 0.00195313 0.00195313 0.00195313 0.00195313 0.00195313 0.00195313 0.00195313 0.00195313 0.00195313 0.00195313 0.00195313 0.00195313 0.00195313 0.00195313 0.00195313 0.00195313 0.00195313 0.00195313 0.00195313 0.00195313 0.00195313 0.00195313 0.00195313 0.00195313 0.00195313 0.00195313 0.00195313 0.00195313 0.00195313 0.00195313 0.00195313 0.00195313 0.00195313 0.00195313 0.00195313 0.00195313 0.00195313 0.00195313 0.00195313 0.00195313 0.00195313 0.00195313 0.00195313 0.00195313 0.00195313 0.00195313 0.00195313 0.00195313 0.00195313 0.00195313 0.00195313 0.00195313 0.00195313 0.00195313 0.00195313 0.00195313 0.00195313 0.00195313 0.00195313 0.00195313 0.00195313 0.00195313 0.00195313 0.00195313 0.00195313 0.00195313 0.00195313 0.00195313 0.00195313 0.00195313 0.00195313 0.00195313 0.00195313 0.00195313 0.00195313 0.00195313 0.00195313 0.00195313 0.00195313 0.00195313 0.00195313 0.00195313 0.00195313 0.00195313 0.00195313 0.00195313 0.00195313 0.00195313 0.00195313 0.00195313 0.00195313 0.00195313 0.00195313 0.00195313 0.00195313 0.00195313 0.00195313 0.00195313 0.00195313 0.00195313 0.00195313 0.00195313 0.00195313</coefficients>
		<remark />
	</responseFIR>
	<responseFIR correction="250.0" decimationFactor="5" delay="250.0" gain="1.0" gainFrequency="" name="TK.1211..HNN.2011.296.00.00.00.stage_5" numberOfCoefficients="251" publicID="ResponseFIR/20210217133030.791388.3106" symmetry="B">
		<coefficients>-7.88438e-08 -3.87711e-07 -1.07756e-06 -2.43852e-06 -4.68994e-06 -8.00126e-06 -1.23208e-05 -1.73208e-05 -2.23362e-05 -2.64273e-05 -2.85307e-05 -2.77164e-05 -2.34812e-05 -1.60063e-05 -6.27891e-06 3.99356e-06 1.27031e-05 1.78474e-05 1.81034e-05 1.33002e-05 4.62263e-06 -5.56652e-06 -1.42934e-05 -1.88069e-05 -1.74497e-05 -1.02877e-05 7.4244e-07 1.22795e-05 2.05051e-05 2.23709e-05 1.67006e-05 4.77615e-06 -9.8538e-06 -2.23673e-05 -2.82102e-05 -2.47091e-05 -1.21984e-05 5.79021e-06 2.34449e-05 3.44952e-05 3.43866e-05 2.20736e-05 7.47099e-07 -2.28756e-05 -4.05969e-05 -4.55243e-05 -3.4671e-05 -1.04147e-05 1.98298e-05 4.57849e-05 5.77342e-05 5.00793e-05 2.37547e-05 -1.34886e-05 -4.92402e-05 -7.04824e-05 -6.82456e-05 -4.12315e-05 3.01364e-06 5.00294e-05 8.30645e-05 8.89519e-05 6.3211e-05 1.24426e-05 -4.70998e-05 -9.4582e-05 -0.000111775 -8.99122e-05 -3.36888e-05 3.93153e-05 0.000103961 0.000136086 0.000121395 6.14824e-05 -2.54584e-05 -0.000109935 -0.000161017 -0.000157513 -9.64839e-05 4.26116e-06 0.000111051 0.000185434 0.000197867 0.000139195 2.55374e-05 -0.000105707 -0.000207954 -0.000241795 -0.000189944 -6.51798e-05 9.21494e-05 0.000226911 0.00028831 0.000248801 0.00011581 -6.85278e-05 -0.000240381 -0.000336104 -0.000315562 -0.000178444 3.29181e-05 0.000246185 0.000383506 0.000389683 0.000253903 1.66227e-05 -0.000241908 -0.000428477 -0.000470247 -0.000342765 -8.20224e-05 0.000224907 0.000468574 0.000555884 0.000445258 0.000165077 -0.000192412 -0.000501016 -0.000644806 -0.00056127 -0.000267456 0.000141504 0.000522632 0.000734722 0.000690237 0.000390583 -6.92177e-05 -0.000529942 -0.000822873 -0.000831154 -0.000535631 -2.74513e-05 0.000519131 0.000905995 0.000982512 0.000703469 0.000151524 -0.000486035 -0.000980245 -0.00114219 -0.000894521 -0.000305903 0.00042625 0.00104127 0.00130748 0.00110877 0.000493362 -0.000335131 -0.00108419 -0.00147506 -0.00134572 -0.00071651 0.000207813 0.00110362 0.00164096 0.00160437 0.000977803 -3.91838e-05 -0.00109357 -0.00180058 -0.00188325 -0.00127957 -0.000176184 0.00104744 0.00194853 0.00218027 0.00162395 0.000444026 -0.000957926 -0.00207866 -0.00249283 -0.00201302 -0.000770496 0.00081698 0.00218406 0.0028179 0.00244904 0.00116253 -0.000615432 -0.00225679 -0.00315198 -0.00293459 -0.00162818 0.000342627 0.00228766 0.00349108 0.00347284 0.002177 1.40039e-05 -0.002266 -0.00383099 -0.00406836 -0.00282127 -0.000470104 0.00217891 0.00416723 0.00472786 0.00357736 0.00104599 -0.00201021 -0.00449502 -0.00546148 -0.00446801 -0.00176905 0.00173888 0.00480975 0.00628555 0.00552689 0.00267878 -0.00133558 -0.0051066 -0.00722627 -0.00680569 -0.00383477 0.00075716 0.00538107 0.00832797 0.00838876 0.00533344 6.52303e-05 -0.0056288 -0.00966853 -0.0104225 -0.00734239 -0.00125104 0.00584581 0.0113949 0.0131838 0.0101823 0.00303141 -0.00602853 -0.0138142 -0.0172612 -0.014553 -0.00592461 0.00617394 0.0176795 0.0241565 0.0223247 0.0113903 -0.0062796 -0.0254283 -0.0391378 -0.0407208 -0.0257548 0.00634372 0.0517102 0.102629 0.149235 0.181898 0.193635</coefficients>
		<remark />
	</responseFIR>
	<responseFIR correction="250.0" decimationFactor="4" delay="250.0" gain="1.0" gainFrequency="" name="TK.1211..HNN.2011.296.00.00.00.stage_6" numberOfCoefficients="251" publicID="ResponseFIR/20210217133030.793553.3107" symmetry="B">
		<coefficients>6.04198e-08 6.33652e-08 -1.89605e-07 -1.13009e-06 -3.34284e-06 -7.37823e-06 -1.34267e-05 -2.09679e-05 -2.85801e-05 -3.40969e-05 -3.51992e-05 -3.03245e-05 -1.95663e-05 -5.11978e-06 9.08354e-06 1.86067e-05 2.02385e-05 1.3519e-05 1.29145e-06 -1.11648e-05 -1.82459e-05 -1.65512e-05 -6.6511e-06 6.88016e-06 1.74012e-05 1.93662e-05 1.12372e-05 -3.38814e-06 -1.7217e-05 -2.27876e-05 -1.64303e-05 -5.86584e-07 1.6938e-05 2.67062e-05 2.26466e-05 5.71248e-06 -1.59538e-05 -3.08077e-05 -2.99596e-05 -1.23747e-05 1.37685e-05 3.4721e-05 3.82882e-05 2.08051e-05 -9.96608e-06 -3.80626e-05 -4.74787e-05 -3.11579e-05 4.16643e-06 4.0429e-05 5.73234e-05 4.35411e-05 4.00752e-06 -4.13669e-05 -6.75336e-05 -5.79903e-05 -1.49057e-05 4.03938e-05 7.77542e-05 7.44773e-05 2.88534e-05 -3.6998e-05 -8.75642e-05 -9.29105e-05 -4.61556e-05 3.0627e-05 9.64557e-05 0.000113107 6.70669e-05 -2.07133e-05 -0.000103851 -0.0001348 -9.17924e-05 6.67344e-06 0.000109098 0.000157629 0.000120481 1.20934e-05 -0.000111452 -0.000181109 -0.000153182 -3.61624e-05 0.000110112 0.00020465 0.000189851 6.60817e-05 -0.000104223 -0.000227554 -0.00023035 -0.000102376 9.28523e-05 0.00024898 0.00027439 0.000145485 -7.5059e-05 -0.000267995 -0.000321573 -0.000195795 4.98499e-05 0.000283523 0.000371335 0.000253579 -1.62416e-05 -0.000294402 -0.000422981 -0.000319027 -2.67755e-05 0.000299325 0.000475622 0.00039217 8.01641e-05 -0.000296911 -0.000528224 -0.000472926 -0.000144888 0.000285637 0.000579519 0.000560989 0.000221794 -0.000263942 -0.000628091 -0.000655885 -0.000311652 0.000230209 0.000672356 0.000756961 0.000415144 -0.000182749 -0.00071053 -0.000863335 -0.000532811 0.000119865 0.000740687 0.000973943 0.000665098 -3.9786e-05 -0.000760673 -0.00108745 -0.000812264 -5.92573e-05 0.000768151 0.00120223 0.000974347 0.000178976 -0.000760662 -0.00131647 -0.00115122 -0.000321074 0.000735584 0.00142811 0.00134258 0.000487255 -0.000690105 -0.00153478 -0.00154791 -0.000679199 0.000621227 0.00163385 0.00176646 0.000898555 -0.000525758 -0.00172237 -0.00199723 -0.00114693 0.000400337 0.00179711 0.00223902 0.00142593 -0.000241375 -0.00185455 -0.00249049 -0.0017373 4.49092e-05 0.00189074 0.00275003 0.00208287 0.00019341 -0.00190127 -0.0030158 -0.00246459 -0.000478354 0.0018813 0.00328589 0.00288485 0.00081545 -0.00182535 -0.00355822 -0.00334659 -0.00121127 0.00172696 0.00383049 0.00385341 0.00167358 -0.00157872 -0.00410041 -0.00441021 -0.00221215 0.00137164 0.00436564 0.00502367 0.00283966 -0.00109438 -0.00462362 -0.00570287 -0.0035726 0.000732661 0.00487206 0.00646113 0.00443399 -0.000267052 -0.00510842 -0.00731759 -0.00545616 -0.000329207 0.00533045 0.00830124 0.006687 0.00109529 -0.00553586 -0.00945706 -0.00820017 -0.00209118 0.00572257 0.0108581 0.0101153 0.00341474 -0.00588862 -0.0126301 -0.0126401 -0.00523789 0.00603227 0.0150066 0.0161681 0.0078942 -0.00615197 -0.0184733 -0.0215451 -0.0121279 0.00624643 0.0242265 0.0309733 0.0200073 -0.00631466 -0.0362021 -0.0525343 -0.0402219 0.0063559 0.0793416 0.158982 0.220515 0.24363</coefficients>
		<remark />
	</responseFIR>
	<responseFIR correction="250.0" decimationFactor="2" delay="250.0" gain="1.0" gainFrequency="" name="TK.1211..HNN.2011.296.00.00.00.stage_7" numberOfCoefficients="251" publicID="ResponseFIR/20210217133030.795764.3108" symmetry="B">
		<coefficients>3.48031e-07 8.92428e-08 -5.82758e-06 -2.38526e-05 -4.97601e-05 -6.17555e-05 -3.91885e-05 5.88062e-06 3.10265e-05 1.28593e-05 -1.85067e-05 -1.81337e-05 9.4521e-06 1.87862e-05 -3.57992e-06 -1.81667e-05 -3.11841e-07 1.74219e-05 3.12364e-06 -1.6897e-05 -5.43947e-06 1.66206e-05 7.59389e-06 -1.65316e-05 -9.77688e-06 1.65563e-05 1.21136e-05 -1.66004e-05 -1.46621e-05 1.65891e-05 1.74555e-05 -1.64599e-05 -2.05224e-05 1.61366e-05 2.38584e-05 -1.55628e-05 -2.74541e-05 1.46947e-05 3.13092e-05 -1.34739e-05 -3.5403e-05 1.18553e-05 3.97139e-05 -9.8029e-06 -4.42339e-05 7.26053e-06 4.89349e-05 -4.17755e-06 -5.37778e-05 5.18995e-07 5.87351e-05 3.76157e-06 -6.37699e-05 -8.71152e-06 6.88319e-05 1.43636e-05 -7.38795e-05 -2.07564e-05 7.88692e-05 2.79385e-05 -8.37384e-05 -3.59474e-05 8.84178e-05 4.48068e-05 -9.28461e-05 -5.45431e-05 9.69635e-05 6.51929e-05 -0.000100694 -7.67877e-05 0.000103948 8.93421e-05 -0.000106642 -0.000102868 0.000108688 0.000117379 -0.000109993 -0.000132878 0.000110458 0.000149362 -0.000109991 -0.000166834 0.000108481 0.000185285 -0.000105807 -0.000204682 0.000101863 0.000224993 -9.65461e-05 -0.000246194 8.97361e-05 0.000268249 -8.13017e-05 -0.000291099 7.11181e-05 0.000314672 -5.90729e-05 -0.0003389 4.50497e-05 0.000363711 -2.89196e-05 -0.000389018 1.05522e-05 0.000414715 1.01741e-05 -0.000440684 -3.33719e-05 0.000466808 5.91546e-05 -0.000492966 -8.7649e-05 0.000519011 0.000118976 -0.000544775 -0.000153231 0.000570094 0.000190507 -0.00059481 -0.00023092 0.000618731 0.000274569 -0.000641639 -0.000321526 0.00066333 0.000371863 -0.000683597 -0.000425662 0.000702206 0.000482996 -0.0007189 -0.000543909 0.000733424 0.000608437 -0.000745529 -0.000676626 0.000754932 0.000748507 -0.000761332 -0.000824073 0.000764451 0.000903334 -0.000763987 -0.0009863 0.000759593 0.00107293 -0.000750952 -0.00116316 0.00073775 0.001257 -0.000719615 -0.00135436 0.00069618 0.00145515 -0.000667101 -0.00155931 0.000631977 0.00166673 -0.000590411 -0.00177727 0.000542033 0.00189085 -0.000486382 -0.00200729 0.00042305 0.00212645 -0.000351567 -0.00224814 0.000271521 0.00237226 -0.0001823 -0.00249846 8.36105e-05 0.00262677 2.53518e-05 -0.00275672 -0.000144942 0.00288823 0.000275804 -0.00302111 -0.000418701 0.00315494 0.000574163 -0.00328957 -0.000742955 0.00342479 0.000925993 -0.00356021 -0.00112408 0.00369556 0.00133812 -0.00383065 -0.00156928 0.00396515 0.00181881 -0.0040987 -0.00208799 0.00423105 0.00237836 -0.00436194 -0.00269177 0.00449105 0.0030303 -0.00461804 -0.00339629 0.00474259 0.00379255 -0.00486446 -0.00422243 0.00498336 0.00468996 -0.00509897 -0.00519994 0.00521097 0.00575821 -0.00531911 -0.00637197 0.00542314 0.00705024 -0.00552281 -0.00780439 0.00561783 0.00864895 -0.00570793 -0.00960272 0.00579289 0.0106907 -0.0058725 -0.0119464 0.00594657 0.0134167 -0.00601488 -0.0151678 0.00607725 0.0172973 -0.00613351 -0.0199551 0.00618351 0.0233836 -0.00622712 -0.0280013 0.00626424 0.0345995 -0.00629475 -0.0448737 0.00631856 0.0632332 -0.00633559 -0.105846 0.00634583 0.318224 0.493651</coefficients>
		<remark />
	</responseFIR>
	<responseFIR correction="381.4912" decimationFactor="64" delay="381.4912" gain="1.0" gainFrequency="" name="TK.1211..HNZ.2011.296.00.00.00.stage_4" numberOfCoefficients="382" publicID="ResponseFIR/20210217133030.799078.3113" symmetry="C">
		<coefficients>1.16415e-10 5.82077e-10 1.74623e-09 4.07454e-09 8.14907e-09 1.46683e-08 2.44472e-08 3.84171e-08 5.76256e-08 8.3237e-08 1.16532e-07 1.58907e-07 2.11876e-07 2.77068e-07 3.56231e-07 4.51226e-07 5.64032e-07 6.96746e-07 8.51578e-07 1.03086e-06 1.23703e-06 1.47265e-06 1.74041e-06 2.04309e-06 2.3836e-06 2.76498e-06 3.19036e-06 3.66301e-06 4.18629e-06 4.76371e-06 5.39888e-06 6.09551e-06 6.85744e-06 7.68865e-06 8.5932e-06 9.57528e-06 1.06392e-05 1.17894e-05 1.30304e-05 1.43668e-05 1.58035e-05 1.73453e-05 1.89972e-05 2.07644e-05 2.26521e-05 2.46656e-05 2.68104e-05 2.90922e-05 3.15165e-05 3.40893e-05 3.68165e-05 3.9704e-05 4.27582e-05 4.59852e-05 4.93915e-05 5.29836e-05 5.67682e-05 6.07519e-05 6.49417e-05 6.93445e-05 7.39675e-05 7.88178e-05 8.39029e-05 8.923e-05 9.48064e-05 0.000100639 0.000106734 0.000113097 0.000119734 0.000126651 0.000133853 0.000141343 0.000149127 0.000157209 0.000165592 0.000174279 0.000183273 0.000192577 0.000202192 0.000212122 0.000222367 0.000232929 0.000243808 0.000255005 0.00026652 0.000278352 0.000290502 0.000302967 0.000315748 0.000328842 0.000342247 0.000355961 0.000369982 0.000384306 0.000398929 0.000413849 0.000429061 0.00044456 0.000460343 0.000476403 0.000492736 0.000509334 0.000526194 0.000543307 0.000560667 0.000578266 0.000596098 0.000614154 0.000632426 0.000650906 0.000669583 0.00068845 0.000707496 0.000726712 0.000746086 0.000765609 0.000785269 0.000805055 0.000824955 0.000844957 0.000865049 0.000885217 0.000905449 0.000925731 0.000946049 0.000966389 0.000986736 0.00100708 0.00102739 0.00104768 0.00106791 0.00108808 0.00110817 0.00112817 0.00114807 0.00116786 0.00118752 0.00120704 0.00122641 0.00124563 0.00126468 0.00128354 0.00130222 0.0013207 0.00133897 0.00135703 0.00137486 0.00139246 0.00140982 0.00142693 0.00144379 0.00146039 0.00147672 0.00149278 0.00150856 0.00152406 0.00153928 0.0015542 0.00156882 0.00158314 0.00159716 0.00161088 0.00162428 0.00163738 0.00165016 0.00166262 0.00167477 0.00168661 0.00169812 0.00170932 0.0017202 0.00173076 0.001741 0.00175093 0.00176055 0.00176985 0.00177885 0.00178753 0.00179592 0.001804 0.00181178 0.00181927 0.00182647 0.00183339 0.00184003 0.00184639 0.00185249 0.00185832 0.00186389 0.00186922 0.00187431 0.00187916 0.00188378 0.00188818 0.00189237 0.00189636 0.00190014 0.00190373 0.00190714 0.00191037 0.00191342 0.00191631 0.00191904 0.00192161 0.00192403 0.00192631 0.00192846 0.00193047 0.00193236 0.00193413 0.00193578 0.00193732 0.00193876 0.00194009 0.00194134 0.00194249 0.00194355 0.00194453 0.00194544 0.00194627 0.00194703 0.00194773 0.00194836 0.00194894 0.00194946 0.00194993 0.00195036 0.00195074 0.00195108 0.00195138 0.00195165 0.00195189 0.00195209 0.00195227 0.00195243 0.00195256 0.00195267 0.00195277 0.00195285 0.00195291 0.00195297 0.00195301 0.00195304 0.00195307 0.00195309 0.0019531 0.00195311 0.00195312 0.00195312 0.00195312 0.00195312 0.00195312 0.00195313 0.00195313 0.00195313 0.00195313 0.00195313 0.00195313 0.00195313 0.00195313 0.00195313 0.00195313 0.00195313 0.00195313 0.00195313 0.00195313 0.00195313 0.00195313 0.00195313 0.00195313 0.00195313 0.00195313 0.00195313 0.00195313 0.00195313 0.00195313 0.00195313 0.00195313 0.00195313 0.00195313 0.00195313 0.00195313 0.00195313 0.00195313 0.00195313 0.00195313 0.00195313 0.00195313 0.00195313 0.00195313 0.00195313 0.00195313 0.00195313 0.00195313 0.00195313 0.00195313 0.00195313 0.00195313 0.00195313 0.00195313 0.00195313 0.00195313 0.00195313 0.00195313 0.00195313 0.00195313 0.00195313 0.00195313 0.00195313 0.00195313 0.00195313 0.00195313 0.00195313 0.00195313 0.00195313 0.00195313 0.00195313 0.00195313 0.00195313 0.00195313 0.00195313 0.00195313 0.00195313 0.00195313 0.00195313 0.00195313 0.00195313 0.00195313 0.00195313 0.00195313 0.00195313 0.00195313 0.00195313 0.00195313 0.00195313 0.00195313 0.00195313 0.00195313 0.00195313 0.00195313 0.00195313 0.00195313 0.00195313 0.00195313 0.00195313 0.00195313 0.00195313 0.00195313 0.00195313 0.00195313 0.00195313 0.00195313 0.00195313 0.00195313 0.00195313 0.00195313 0.00195313 0.00195313 0.00195313 0.00195313 0.00195313 0.00195313 0.00195313 0.00195313 0.00195313 0.00195313 0.00195313 0.00195313 0.00195313 0.00195313 0.00195313 0.00195313 0.00195313 0.00195313 0.00195313 0.00195313 0.00195313 0.00195313 0.00195313 0.00195313 0.00195313 0.00195313</coefficients>
		<remark />
	</responseFIR>
	<responseFIR correction="250.0" decimationFactor="5" delay="250.0" gain="1.0" gainFrequency="" name="TK.1211..HNZ.2011.296.00.00.00.stage_5" numberOfCoefficients="251" publicID="ResponseFIR/20210217133030.802385.3114" symmetry="B">
		<coefficients>-7.88438e-08 -3.87711e-07 -1.07756e-06 -2.43852e-06 -4.68994e-06 -8.00126e-06 -1.23208e-05 -1.73208e-05 -2.23362e-05 -2.64273e-05 -2.85307e-05 -2.77164e-05 -2.34812e-05 -1.60063e-05 -6.27891e-06 3.99356e-06 1.27031e-05 1.78474e-05 1.81034e-05 1.33002e-05 4.62263e-06 -5.56652e-06 -1.42934e-05 -1.88069e-05 -1.74497e-05 -1.02877e-05 7.4244e-07 1.22795e-05 2.05051e-05 2.23709e-05 1.67006e-05 4.77615e-06 -9.8538e-06 -2.23673e-05 -2.82102e-05 -2.47091e-05 -1.21984e-05 5.79021e-06 2.34449e-05 3.44952e-05 3.43866e-05 2.20736e-05 7.47099e-07 -2.28756e-05 -4.05969e-05 -4.55243e-05 -3.4671e-05 -1.04147e-05 1.98298e-05 4.57849e-05 5.77342e-05 5.00793e-05 2.37547e-05 -1.34886e-05 -4.92402e-05 -7.04824e-05 -6.82456e-05 -4.12315e-05 3.01364e-06 5.00294e-05 8.30645e-05 8.89519e-05 6.3211e-05 1.24426e-05 -4.70998e-05 -9.4582e-05 -0.000111775 -8.99122e-05 -3.36888e-05 3.93153e-05 0.000103961 0.000136086 0.000121395 6.14824e-05 -2.54584e-05 -0.000109935 -0.000161017 -0.000157513 -9.64839e-05 4.26116e-06 0.000111051 0.000185434 0.000197867 0.000139195 2.55374e-05 -0.000105707 -0.000207954 -0.000241795 -0.000189944 -6.51798e-05 9.21494e-05 0.000226911 0.00028831 0.000248801 0.00011581 -6.85278e-05 -0.000240381 -0.000336104 -0.000315562 -0.000178444 3.29181e-05 0.000246185 0.000383506 0.000389683 0.000253903 1.66227e-05 -0.000241908 -0.000428477 -0.000470247 -0.000342765 -8.20224e-05 0.000224907 0.000468574 0.000555884 0.000445258 0.000165077 -0.000192412 -0.000501016 -0.000644806 -0.00056127 -0.000267456 0.000141504 0.000522632 0.000734722 0.000690237 0.000390583 -6.92177e-05 -0.000529942 -0.000822873 -0.000831154 -0.000535631 -2.74513e-05 0.000519131 0.000905995 0.000982512 0.000703469 0.000151524 -0.000486035 -0.000980245 -0.00114219 -0.000894521 -0.000305903 0.00042625 0.00104127 0.00130748 0.00110877 0.000493362 -0.000335131 -0.00108419 -0.00147506 -0.00134572 -0.00071651 0.000207813 0.00110362 0.00164096 0.00160437 0.000977803 -3.91838e-05 -0.00109357 -0.00180058 -0.00188325 -0.00127957 -0.000176184 0.00104744 0.00194853 0.00218027 0.00162395 0.000444026 -0.000957926 -0.00207866 -0.00249283 -0.00201302 -0.000770496 0.00081698 0.00218406 0.0028179 0.00244904 0.00116253 -0.000615432 -0.00225679 -0.00315198 -0.00293459 -0.00162818 0.000342627 0.00228766 0.00349108 0.00347284 0.002177 1.40039e-05 -0.002266 -0.00383099 -0.00406836 -0.00282127 -0.000470104 0.00217891 0.00416723 0.00472786 0.00357736 0.00104599 -0.00201021 -0.00449502 -0.00546148 -0.00446801 -0.00176905 0.00173888 0.00480975 0.00628555 0.00552689 0.00267878 -0.00133558 -0.0051066 -0.00722627 -0.00680569 -0.00383477 0.00075716 0.00538107 0.00832797 0.00838876 0.00533344 6.52303e-05 -0.0056288 -0.00966853 -0.0104225 -0.00734239 -0.00125104 0.00584581 0.0113949 0.0131838 0.0101823 0.00303141 -0.00602853 -0.0138142 -0.0172612 -0.014553 -0.00592461 0.00617394 0.0176795 0.0241565 0.0223247 0.0113903 -0.0062796 -0.0254283 -0.0391378 -0.0407208 -0.0257548 0.00634372 0.0517102 0.102629 0.149235 0.181898 0.193635</coefficients>
		<remark />
	</responseFIR>
	<responseFIR correction="250.0" decimationFactor="4" delay="250.0" gain="1.0" gainFrequency="" name="TK.1211..HNZ.2011.296.00.00.00.stage_6" numberOfCoefficients="251" publicID="ResponseFIR/20210217133030.804571.3115" symmetry="B">
		<coefficients>6.04198e-08 6.33652e-08 -1.89605e-07 -1.13009e-06 -3.34284e-06 -7.37823e-06 -1.34267e-05 -2.09679e-05 -2.85801e-05 -3.40969e-05 -3.51992e-05 -3.03245e-05 -1.95663e-05 -5.11978e-06 9.08354e-06 1.86067e-05 2.02385e-05 1.3519e-05 1.29145e-06 -1.11648e-05 -1.82459e-05 -1.65512e-05 -6.6511e-06 6.88016e-06 1.74012e-05 1.93662e-05 1.12372e-05 -3.38814e-06 -1.7217e-05 -2.27876e-05 -1.64303e-05 -5.86584e-07 1.6938e-05 2.67062e-05 2.26466e-05 5.71248e-06 -1.59538e-05 -3.08077e-05 -2.99596e-05 -1.23747e-05 1.37685e-05 3.4721e-05 3.82882e-05 2.08051e-05 -9.96608e-06 -3.80626e-05 -4.74787e-05 -3.11579e-05 4.16643e-06 4.0429e-05 5.73234e-05 4.35411e-05 4.00752e-06 -4.13669e-05 -6.75336e-05 -5.79903e-05 -1.49057e-05 4.03938e-05 7.77542e-05 7.44773e-05 2.88534e-05 -3.6998e-05 -8.75642e-05 -9.29105e-05 -4.61556e-05 3.0627e-05 9.64557e-05 0.000113107 6.70669e-05 -2.07133e-05 -0.000103851 -0.0001348 -9.17924e-05 6.67344e-06 0.000109098 0.000157629 0.000120481 1.20934e-05 -0.000111452 -0.000181109 -0.000153182 -3.61624e-05 0.000110112 0.00020465 0.000189851 6.60817e-05 -0.000104223 -0.000227554 -0.00023035 -0.000102376 9.28523e-05 0.00024898 0.00027439 0.000145485 -7.5059e-05 -0.000267995 -0.000321573 -0.000195795 4.98499e-05 0.000283523 0.000371335 0.000253579 -1.62416e-05 -0.000294402 -0.000422981 -0.000319027 -2.67755e-05 0.000299325 0.000475622 0.00039217 8.01641e-05 -0.000296911 -0.000528224 -0.000472926 -0.000144888 0.000285637 0.000579519 0.000560989 0.000221794 -0.000263942 -0.000628091 -0.000655885 -0.000311652 0.000230209 0.000672356 0.000756961 0.000415144 -0.000182749 -0.00071053 -0.000863335 -0.000532811 0.000119865 0.000740687 0.000973943 0.000665098 -3.9786e-05 -0.000760673 -0.00108745 -0.000812264 -5.92573e-05 0.000768151 0.00120223 0.000974347 0.000178976 -0.000760662 -0.00131647 -0.00115122 -0.000321074 0.000735584 0.00142811 0.00134258 0.000487255 -0.000690105 -0.00153478 -0.00154791 -0.000679199 0.000621227 0.00163385 0.00176646 0.000898555 -0.000525758 -0.00172237 -0.00199723 -0.00114693 0.000400337 0.00179711 0.00223902 0.00142593 -0.000241375 -0.00185455 -0.00249049 -0.0017373 4.49092e-05 0.00189074 0.00275003 0.00208287 0.00019341 -0.00190127 -0.0030158 -0.00246459 -0.000478354 0.0018813 0.00328589 0.00288485 0.00081545 -0.00182535 -0.00355822 -0.00334659 -0.00121127 0.00172696 0.00383049 0.00385341 0.00167358 -0.00157872 -0.00410041 -0.00441021 -0.00221215 0.00137164 0.00436564 0.00502367 0.00283966 -0.00109438 -0.00462362 -0.00570287 -0.0035726 0.000732661 0.00487206 0.00646113 0.00443399 -0.000267052 -0.00510842 -0.00731759 -0.00545616 -0.000329207 0.00533045 0.00830124 0.006687 0.00109529 -0.00553586 -0.00945706 -0.00820017 -0.00209118 0.00572257 0.0108581 0.0101153 0.00341474 -0.00588862 -0.0126301 -0.0126401 -0.00523789 0.00603227 0.0150066 0.0161681 0.0078942 -0.00615197 -0.0184733 -0.0215451 -0.0121279 0.00624643 0.0242265 0.0309733 0.0200073 -0.00631466 -0.0362021 -0.0525343 -0.0402219 0.0063559 0.0793416 0.158982 0.220515 0.24363</coefficients>
		<remark />
	</responseFIR>
	<responseFIR correction="250.0" decimationFactor="2" delay="250.0" gain="1.0" gainFrequency="" name="TK.1211..HNZ.2011.296.00.00.00.stage_7" numberOfCoefficients="251" publicID="ResponseFIR/20210217133030.806776.3116" symmetry="B">
		<coefficients>3.48031e-07 8.92428e-08 -5.82758e-06 -2.38526e-05 -4.97601e-05 -6.17555e-05 -3.91885e-05 5.88062e-06 3.10265e-05 1.28593e-05 -1.85067e-05 -1.81337e-05 9.4521e-06 1.87862e-05 -3.57992e-06 -1.81667e-05 -3.11841e-07 1.74219e-05 3.12364e-06 -1.6897e-05 -5.43947e-06 1.66206e-05 7.59389e-06 -1.65316e-05 -9.77688e-06 1.65563e-05 1.21136e-05 -1.66004e-05 -1.46621e-05 1.65891e-05 1.74555e-05 -1.64599e-05 -2.05224e-05 1.61366e-05 2.38584e-05 -1.55628e-05 -2.74541e-05 1.46947e-05 3.13092e-05 -1.34739e-05 -3.5403e-05 1.18553e-05 3.97139e-05 -9.8029e-06 -4.42339e-05 7.26053e-06 4.89349e-05 -4.17755e-06 -5.37778e-05 5.18995e-07 5.87351e-05 3.76157e-06 -6.37699e-05 -8.71152e-06 6.88319e-05 1.43636e-05 -7.38795e-05 -2.07564e-05 7.88692e-05 2.79385e-05 -8.37384e-05 -3.59474e-05 8.84178e-05 4.48068e-05 -9.28461e-05 -5.45431e-05 9.69635e-05 6.51929e-05 -0.000100694 -7.67877e-05 0.000103948 8.93421e-05 -0.000106642 -0.000102868 0.000108688 0.000117379 -0.000109993 -0.000132878 0.000110458 0.000149362 -0.000109991 -0.000166834 0.000108481 0.000185285 -0.000105807 -0.000204682 0.000101863 0.000224993 -9.65461e-05 -0.000246194 8.97361e-05 0.000268249 -8.13017e-05 -0.000291099 7.11181e-05 0.000314672 -5.90729e-05 -0.0003389 4.50497e-05 0.000363711 -2.89196e-05 -0.000389018 1.05522e-05 0.000414715 1.01741e-05 -0.000440684 -3.33719e-05 0.000466808 5.91546e-05 -0.000492966 -8.7649e-05 0.000519011 0.000118976 -0.000544775 -0.000153231 0.000570094 0.000190507 -0.00059481 -0.00023092 0.000618731 0.000274569 -0.000641639 -0.000321526 0.00066333 0.000371863 -0.000683597 -0.000425662 0.000702206 0.000482996 -0.0007189 -0.000543909 0.000733424 0.000608437 -0.000745529 -0.000676626 0.000754932 0.000748507 -0.000761332 -0.000824073 0.000764451 0.000903334 -0.000763987 -0.0009863 0.000759593 0.00107293 -0.000750952 -0.00116316 0.00073775 0.001257 -0.000719615 -0.00135436 0.00069618 0.00145515 -0.000667101 -0.00155931 0.000631977 0.00166673 -0.000590411 -0.00177727 0.000542033 0.00189085 -0.000486382 -0.00200729 0.00042305 0.00212645 -0.000351567 -0.00224814 0.000271521 0.00237226 -0.0001823 -0.00249846 8.36105e-05 0.00262677 2.53518e-05 -0.00275672 -0.000144942 0.00288823 0.000275804 -0.00302111 -0.000418701 0.00315494 0.000574163 -0.00328957 -0.000742955 0.00342479 0.000925993 -0.00356021 -0.00112408 0.00369556 0.00133812 -0.00383065 -0.00156928 0.00396515 0.00181881 -0.0040987 -0.00208799 0.00423105 0.00237836 -0.00436194 -0.00269177 0.00449105 0.0030303 -0.00461804 -0.00339629 0.00474259 0.00379255 -0.00486446 -0.00422243 0.00498336 0.00468996 -0.00509897 -0.00519994 0.00521097 0.00575821 -0.00531911 -0.00637197 0.00542314 0.00705024 -0.00552281 -0.00780439 0.00561783 0.00864895 -0.00570793 -0.00960272 0.00579289 0.0106907 -0.0058725 -0.0119464 0.00594657 0.0134167 -0.00601488 -0.0151678 0.00607725 0.0172973 -0.00613351 -0.0199551 0.00618351 0.0233836 -0.00622712 -0.0280013 0.00626424 0.0345995 -0.00629475 -0.0448737 0.00631856 0.0632332 -0.00633559 -0.105846 0.00634583 0.318224 0.493651</coefficients>
		<remark />
	</responseFIR>
	<responseFIR correction="250.0" decimationFactor="2" delay="250.0" gain="1.0" gainFrequency="" name="TK.1211..HNE.2011.296.00.00.00.stage_7" numberOfCoefficients="251" publicID="ResponseFIR/20210217133030.784867.3100" symmetry="B">
		<coefficients>3.48031e-07 8.92428e-08 -5.82758e-06 -2.38526e-05 -4.97601e-05 -6.17555e-05 -3.91885e-05 5.88062e-06 3.10265e-05 1.28593e-05 -1.85067e-05 -1.81337e-05 9.4521e-06 1.87862e-05 -3.57992e-06 -1.81667e-05 -3.11841e-07 1.74219e-05 3.12364e-06 -1.6897e-05 -5.43947e-06 1.66206e-05 7.59389e-06 -1.65316e-05 -9.77688e-06 1.65563e-05 1.21136e-05 -1.66004e-05 -1.46621e-05 1.65891e-05 1.74555e-05 -1.64599e-05 -2.05224e-05 1.61366e-05 2.38584e-05 -1.55628e-05 -2.74541e-05 1.46947e-05 3.13092e-05 -1.34739e-05 -3.5403e-05 1.18553e-05 3.97139e-05 -9.8029e-06 -4.42339e-05 7.26053e-06 4.89349e-05 -4.17755e-06 -5.37778e-05 5.18995e-07 5.87351e-05 3.76157e-06 -6.37699e-05 -8.71152e-06 6.88319e-05 1.43636e-05 -7.38795e-05 -2.07564e-05 7.88692e-05 2.79385e-05 -8.37384e-05 -3.59474e-05 8.84178e-05 4.48068e-05 -9.28461e-05 -5.45431e-05 9.69635e-05 6.51929e-05 -0.000100694 -7.67877e-05 0.000103948 8.93421e-05 -0.000106642 -0.000102868 0.000108688 0.000117379 -0.000109993 -0.000132878 0.000110458 0.000149362 -0.000109991 -0.000166834 0.000108481 0.000185285 -0.000105807 -0.000204682 0.000101863 0.000224993 -9.65461e-05 -0.000246194 8.97361e-05 0.000268249 -8.13017e-05 -0.000291099 7.11181e-05 0.000314672 -5.90729e-05 -0.0003389 4.50497e-05 0.000363711 -2.89196e-05 -0.000389018 1.05522e-05 0.000414715 1.01741e-05 -0.000440684 -3.33719e-05 0.000466808 5.91546e-05 -0.000492966 -8.7649e-05 0.000519011 0.000118976 -0.000544775 -0.000153231 0.000570094 0.000190507 -0.00059481 -0.00023092 0.000618731 0.000274569 -0.000641639 -0.000321526 0.00066333 0.000371863 -0.000683597 -0.000425662 0.000702206 0.000482996 -0.0007189 -0.000543909 0.000733424 0.000608437 -0.000745529 -0.000676626 0.000754932 0.000748507 -0.000761332 -0.000824073 0.000764451 0.000903334 -0.000763987 -0.0009863 0.000759593 0.00107293 -0.000750952 -0.00116316 0.00073775 0.001257 -0.000719615 -0.00135436 0.00069618 0.00145515 -0.000667101 -0.00155931 0.000631977 0.00166673 -0.000590411 -0.00177727 0.000542033 0.00189085 -0.000486382 -0.00200729 0.00042305 0.00212645 -0.000351567 -0.00224814 0.000271521 0.00237226 -0.0001823 -0.00249846 8.36105e-05 0.00262677 2.53518e-05 -0.00275672 -0.000144942 0.00288823 0.000275804 -0.00302111 -0.000418701 0.00315494 0.000574163 -0.00328957 -0.000742955 0.00342479 0.000925993 -0.00356021 -0.00112408 0.00369556 0.00133812 -0.00383065 -0.00156928 0.00396515 0.00181881 -0.0040987 -0.00208799 0.00423105 0.00237836 -0.00436194 -0.00269177 0.00449105 0.0030303 -0.00461804 -0.00339629 0.00474259 0.00379255 -0.00486446 -0.00422243 0.00498336 0.00468996 -0.00509897 -0.00519994 0.00521097 0.00575821 -0.00531911 -0.00637197 0.00542314 0.00705024 -0.00552281 -0.00780439 0.00561783 0.00864895 -0.00570793 -0.00960272 0.00579289 0.0106907 -0.0058725 -0.0119464 0.00594657 0.0134167 -0.00601488 -0.0151678 0.00607725 0.0172973 -0.00613351 -0.0199551 0.00618351 0.0233836 -0.00622712 -0.0280013 0.00626424 0.0345995 -0.00629475 -0.0448737 0.00631856 0.0632332 -0.00633559 -0.105846 0.00634583 0.318224 0.493651</coefficients>
		<remark />
	</responseFIR>
	<responseFIR correction="250.0" decimationFactor="4" delay="250.0" gain="1.0" gainFrequency="" name="TK.1211..HNE.2011.296.00.00.00.stage_6" numberOfCoefficients="251" publicID="ResponseFIR/20210217133030.782546.3099" symmetry="B">
		<coefficients>6.04198e-08 6.33652e-08 -1.89605e-07 -1.13009e-06 -3.34284e-06 -7.37823e-06 -1.34267e-05 -2.09679e-05 -2.85801e-05 -3.40969e-05 -3.51992e-05 -3.03245e-05 -1.95663e-05 -5.11978e-06 9.08354e-06 1.86067e-05 2.02385e-05 1.3519e-05 1.29145e-06 -1.11648e-05 -1.82459e-05 -1.65512e-05 -6.6511e-06 6.88016e-06 1.74012e-05 1.93662e-05 1.12372e-05 -3.38814e-06 -1.7217e-05 -2.27876e-05 -1.64303e-05 -5.86584e-07 1.6938e-05 2.67062e-05 2.26466e-05 5.71248e-06 -1.59538e-05 -3.08077e-05 -2.99596e-05 -1.23747e-05 1.37685e-05 3.4721e-05 3.82882e-05 2.08051e-05 -9.96608e-06 -3.80626e-05 -4.74787e-05 -3.11579e-05 4.16643e-06 4.0429e-05 5.73234e-05 4.35411e-05 4.00752e-06 -4.13669e-05 -6.75336e-05 -5.79903e-05 -1.49057e-05 4.03938e-05 7.77542e-05 7.44773e-05 2.88534e-05 -3.6998e-05 -8.75642e-05 -9.29105e-05 -4.61556e-05 3.0627e-05 9.64557e-05 0.000113107 6.70669e-05 -2.07133e-05 -0.000103851 -0.0001348 -9.17924e-05 6.67344e-06 0.000109098 0.000157629 0.000120481 1.20934e-05 -0.000111452 -0.000181109 -0.000153182 -3.61624e-05 0.000110112 0.00020465 0.000189851 6.60817e-05 -0.000104223 -0.000227554 -0.00023035 -0.000102376 9.28523e-05 0.00024898 0.00027439 0.000145485 -7.5059e-05 -0.000267995 -0.000321573 -0.000195795 4.98499e-05 0.000283523 0.000371335 0.000253579 -1.62416e-05 -0.000294402 -0.000422981 -0.000319027 -2.67755e-05 0.000299325 0.000475622 0.00039217 8.01641e-05 -0.000296911 -0.000528224 -0.000472926 -0.000144888 0.000285637 0.000579519 0.000560989 0.000221794 -0.000263942 -0.000628091 -0.000655885 -0.000311652 0.000230209 0.000672356 0.000756961 0.000415144 -0.000182749 -0.00071053 -0.000863335 -0.000532811 0.000119865 0.000740687 0.000973943 0.000665098 -3.9786e-05 -0.000760673 -0.00108745 -0.000812264 -5.92573e-05 0.000768151 0.00120223 0.000974347 0.000178976 -0.000760662 -0.00131647 -0.00115122 -0.000321074 0.000735584 0.00142811 0.00134258 0.000487255 -0.000690105 -0.00153478 -0.00154791 -0.000679199 0.000621227 0.00163385 0.00176646 0.000898555 -0.000525758 -0.00172237 -0.00199723 -0.00114693 0.000400337 0.00179711 0.00223902 0.00142593 -0.000241375 -0.00185455 -0.00249049 -0.0017373 4.49092e-05 0.00189074 0.00275003 0.00208287 0.00019341 -0.00190127 -0.0030158 -0.00246459 -0.000478354 0.0018813 0.00328589 0.00288485 0.00081545 -0.00182535 -0.00355822 -0.00334659 -0.00121127 0.00172696 0.00383049 0.00385341 0.00167358 -0.00157872 -0.00410041 -0.00441021 -0.00221215 0.00137164 0.00436564 0.00502367 0.00283966 -0.00109438 -0.00462362 -0.00570287 -0.0035726 0.000732661 0.00487206 0.00646113 0.00443399 -0.000267052 -0.00510842 -0.00731759 -0.00545616 -0.000329207 0.00533045 0.00830124 0.006687 0.00109529 -0.00553586 -0.00945706 -0.00820017 -0.00209118 0.00572257 0.0108581 0.0101153 0.00341474 -0.00588862 -0.0126301 -0.0126401 -0.00523789 0.00603227 0.0150066 0.0161681 0.0078942 -0.00615197 -0.0184733 -0.0215451 -0.0121279 0.00624643 0.0242265 0.0309733 0.0200073 -0.00631466 -0.0362021 -0.0525343 -0.0402219 0.0063559 0.0793416 0.158982 0.220515 0.24363</coefficients>
		<remark />
	</responseFIR>
	<responseFIR correction="250.0" decimationFactor="5" delay="250.0" gain="1.0" gainFrequency="" name="TK.1211..HNE.2011.296.00.00.00.stage_5" numberOfCoefficients="251" publicID="ResponseFIR/20210217133030.780344.3098" symmetry="B">
		<coefficients>-7.88438e-08 -3.87711e-07 -1.07756e-06 -2.43852e-06 -4.68994e-06 -8.00126e-06 -1.23208e-05 -1.73208e-05 -2.23362e-05 -2.64273e-05 -2.85307e-05 -2.77164e-05 -2.34812e-05 -1.60063e-05 -6.27891e-06 3.99356e-06 1.27031e-05 1.78474e-05 1.81034e-05 1.33002e-05 4.62263e-06 -5.56652e-06 -1.42934e-05 -1.88069e-05 -1.74497e-05 -1.02877e-05 7.4244e-07 1.22795e-05 2.05051e-05 2.23709e-05 1.67006e-05 4.77615e-06 -9.8538e-06 -2.23673e-05 -2.82102e-05 -2.47091e-05 -1.21984e-05 5.79021e-06 2.34449e-05 3.44952e-05 3.43866e-05 2.20736e-05 7.47099e-07 -2.28756e-05 -4.05969e-05 -4.55243e-05 -3.4671e-05 -1.04147e-05 1.98298e-05 4.57849e-05 5.77342e-05 5.00793e-05 2.37547e-05 -1.34886e-05 -4.92402e-05 -7.04824e-05 -6.82456e-05 -4.12315e-05 3.01364e-06 5.00294e-05 8.30645e-05 8.89519e-05 6.3211e-05 1.24426e-05 -4.70998e-05 -9.4582e-05 -0.000111775 -8.99122e-05 -3.36888e-05 3.93153e-05 0.000103961 0.000136086 0.000121395 6.14824e-05 -2.54584e-05 -0.000109935 -0.000161017 -0.000157513 -9.64839e-05 4.26116e-06 0.000111051 0.000185434 0.000197867 0.000139195 2.55374e-05 -0.000105707 -0.000207954 -0.000241795 -0.000189944 -6.51798e-05 9.21494e-05 0.000226911 0.00028831 0.000248801 0.00011581 -6.85278e-05 -0.000240381 -0.000336104 -0.000315562 -0.000178444 3.29181e-05 0.000246185 0.000383506 0.000389683 0.000253903 1.66227e-05 -0.000241908 -0.000428477 -0.000470247 -0.000342765 -8.20224e-05 0.000224907 0.000468574 0.000555884 0.000445258 0.000165077 -0.000192412 -0.000501016 -0.000644806 -0.00056127 -0.000267456 0.000141504 0.000522632 0.000734722 0.000690237 0.000390583 -6.92177e-05 -0.000529942 -0.000822873 -0.000831154 -0.000535631 -2.74513e-05 0.000519131 0.000905995 0.000982512 0.000703469 0.000151524 -0.000486035 -0.000980245 -0.00114219 -0.000894521 -0.000305903 0.00042625 0.00104127 0.00130748 0.00110877 0.000493362 -0.000335131 -0.00108419 -0.00147506 -0.00134572 -0.00071651 0.000207813 0.00110362 0.00164096 0.00160437 0.000977803 -3.91838e-05 -0.00109357 -0.00180058 -0.00188325 -0.00127957 -0.000176184 0.00104744 0.00194853 0.00218027 0.00162395 0.000444026 -0.000957926 -0.00207866 -0.00249283 -0.00201302 -0.000770496 0.00081698 0.00218406 0.0028179 0.00244904 0.00116253 -0.000615432 -0.00225679 -0.00315198 -0.00293459 -0.00162818 0.000342627 0.00228766 0.00349108 0.00347284 0.002177 1.40039e-05 -0.002266 -0.00383099 -0.00406836 -0.00282127 -0.000470104 0.00217891 0.00416723 0.00472786 0.00357736 0.00104599 -0.00201021 -0.00449502 -0.00546148 -0.00446801 -0.00176905 0.00173888 0.00480975 0.00628555 0.00552689 0.00267878 -0.00133558 -0.0051066 -0.00722627 -0.00680569 -0.00383477 0.00075716 0.00538107 0.00832797 0.00838876 0.00533344 6.52303e-05 -0.0056288 -0.00966853 -0.0104225 -0.00734239 -0.00125104 0.00584581 0.0113949 0.0131838 0.0101823 0.00303141 -0.00602853 -0.0138142 -0.0172612 -0.014553 -0.00592461 0.00617394 0.0176795 0.0241565 0.0223247 0.0113903 -0.0062796 -0.0254283 -0.0391378 -0.0407208 -0.0257548 0.00634372 0.0517102 0.102629 0.149235 0.181898 0.193635</coefficients>
		<remark />
	</responseFIR>
	<responseFIR correction="381.4912" decimationFactor="64" delay="381.4912" gain="1.0" gainFrequency="" name="TK.1211..HNE.2011.296.00.00.00.stage_4" numberOfCoefficients="382" publicID="ResponseFIR/20210217133030.777159.3097" symmetry="C">
		<coefficients>1.16415e-10 5.82077e-10 1.74623e-09 4.07454e-09 8.14907e-09 1.46683e-08 2.44472e-08 3.84171e-08 5.76256e-08 8.3237e-08 1.16532e-07 1.58907e-07 2.11876e-07 2.77068e-07 3.56231e-07 4.51226e-07 5.64032e-07 6.96746e-07 8.51578e-07 1.03086e-06 1.23703e-06 1.47265e-06 1.74041e-06 2.04309e-06 2.3836e-06 2.76498e-06 3.19036e-06 3.66301e-06 4.18629e-06 4.76371e-06 5.39888e-06 6.09551e-06 6.85744e-06 7.68865e-06 8.5932e-06 9.57528e-06 1.06392e-05 1.17894e-05 1.30304e-05 1.43668e-05 1.58035e-05 1.73453e-05 1.89972e-05 2.07644e-05 2.26521e-05 2.46656e-05 2.68104e-05 2.90922e-05 3.15165e-05 3.40893e-05 3.68165e-05 3.9704e-05 4.27582e-05 4.59852e-05 4.93915e-05 5.29836e-05 5.67682e-05 6.07519e-05 6.49417e-05 6.93445e-05 7.39675e-05 7.88178e-05 8.39029e-05 8.923e-05 9.48064e-05 0.000100639 0.000106734 0.000113097 0.000119734 0.000126651 0.000133853 0.000141343 0.000149127 0.000157209 0.000165592 0.000174279 0.000183273 0.000192577 0.000202192 0.000212122 0.000222367 0.000232929 0.000243808 0.000255005 0.00026652 0.000278352 0.000290502 0.000302967 0.000315748 0.000328842 0.000342247 0.000355961 0.000369982 0.000384306 0.000398929 0.000413849 0.000429061 0.00044456 0.000460343 0.000476403 0.000492736 0.000509334 0.000526194 0.000543307 0.000560667 0.000578266 0.000596098 0.000614154 0.000632426 0.000650906 0.000669583 0.00068845 0.000707496 0.000726712 0.000746086 0.000765609 0.000785269 0.000805055 0.000824955 0.000844957 0.000865049 0.000885217 0.000905449 0.000925731 0.000946049 0.000966389 0.000986736 0.00100708 0.00102739 0.00104768 0.00106791 0.00108808 0.00110817 0.00112817 0.00114807 0.00116786 0.00118752 0.00120704 0.00122641 0.00124563 0.00126468 0.00128354 0.00130222 0.0013207 0.00133897 0.00135703 0.00137486 0.00139246 0.00140982 0.00142693 0.00144379 0.00146039 0.00147672 0.00149278 0.00150856 0.00152406 0.00153928 0.0015542 0.00156882 0.00158314 0.00159716 0.00161088 0.00162428 0.00163738 0.00165016 0.00166262 0.00167477 0.00168661 0.00169812 0.00170932 0.0017202 0.00173076 0.001741 0.00175093 0.00176055 0.00176985 0.00177885 0.00178753 0.00179592 0.001804 0.00181178 0.00181927 0.00182647 0.00183339 0.00184003 0.00184639 0.00185249 0.00185832 0.00186389 0.00186922 0.00187431 0.00187916 0.00188378 0.00188818 0.00189237 0.00189636 0.00190014 0.00190373 0.00190714 0.00191037 0.00191342 0.00191631 0.00191904 0.00192161 0.00192403 0.00192631 0.00192846 0.00193047 0.00193236 0.00193413 0.00193578 0.00193732 0.00193876 0.00194009 0.00194134 0.00194249 0.00194355 0.00194453 0.00194544 0.00194627 0.00194703 0.00194773 0.00194836 0.00194894 0.00194946 0.00194993 0.00195036 0.00195074 0.00195108 0.00195138 0.00195165 0.00195189 0.00195209 0.00195227 0.00195243 0.00195256 0.00195267 0.00195277 0.00195285 0.00195291 0.00195297 0.00195301 0.00195304 0.00195307 0.00195309 0.0019531 0.00195311 0.00195312 0.00195312 0.00195312 0.00195312 0.00195312 0.00195313 0.00195313 0.00195313 0.00195313 0.00195313 0.00195313 0.00195313 0.00195313 0.00195313 0.00195313 0.00195313 0.00195313 0.00195313 0.00195313 0.00195313 0.00195313 0.00195313 0.00195313 0.00195313 0.00195313 0.00195313 0.00195313 0.00195313 0.00195313 0.00195313 0.00195313 0.00195313 0.00195313 0.00195313 0.00195313 0.00195313 0.00195313 0.00195313 0.00195313 0.00195313 0.00195313 0.00195313 0.00195313 0.00195313 0.00195313 0.00195313 0.00195313 0.00195313 0.00195313 0.00195313 0.00195313 0.00195313 0.00195313 0.00195313 0.00195313 0.00195313 0.00195313 0.00195313 0.00195313 0.00195313 0.00195313 0.00195313 0.00195313 0.00195313 0.00195313 0.00195313 0.00195313 0.00195313 0.00195313 0.00195313 0.00195313 0.00195313 0.00195313 0.00195313 0.00195313 0.00195313 0.00195313 0.00195313 0.00195313 0.00195313 0.00195313 0.00195313 0.00195313 0.00195313 0.00195313 0.00195313 0.00195313 0.00195313 0.00195313 0.00195313 0.00195313 0.00195313 0.00195313 0.00195313 0.00195313 0.00195313 0.00195313 0.00195313 0.00195313 0.00195313 0.00195313 0.00195313 0.00195313 0.00195313 0.00195313 0.00195313 0.00195313 0.00195313 0.00195313 0.00195313 0.00195313 0.00195313 0.00195313 0.00195313 0.00195313 0.00195313 0.00195313 0.00195313 0.00195313 0.00195313 0.00195313 0.00195313 0.00195313 0.00195313 0.00195313 0.00195313 0.00195313 0.00195313 0.00195313 0.00195313 0.00195313 0.00195313 0.00195313 0.00195313 0.00195313</coefficients>
		<remark />
	</responseFIR>
	<responsePAZ correction="" decimationFactor="" delay="" gain="1.022" gainFrequency="1.0" name="TK.1211.HNN.2011.296.00.00.00" normalizationFactor="3.02202e+12" normalizationFrequency="1.0" numberOfPoles="4" numberOfZeros="0" publicID="ResponsePAZ/20210217133030.797893.3110" type="A">
		<zeros />
		<poles>(-400.8,567.87) (-400.8,-567.87) (-1317.3,0.0) (-4748.4,0.0)</poles>
		<remark />
	</responsePAZ>
	<responsePAZ correction="" decimationFactor="" delay="" gain="1.02" gainFrequency="1.0" name="TK.1211.HNZ.2011.296.00.00.00" normalizationFactor="3.02202e+12" normalizationFrequency="1.0" numberOfPoles="4" numberOfZeros="0" publicID="ResponsePAZ/20210217133030.808913.3118" type="A">
		<zeros />
		<poles>(-400.8,567.87) (-400.8,-567.87) (-1317.3,0.0) (-4748.4,0.0)</poles>
		<remark />
	</responsePAZ>
	<responsePAZ correction="" decimationFactor="" delay="" gain="1.022" gainFrequency="1.0" name="TK.1211.HNE.2011.296.00.00.00" normalizationFactor="3.02202e+12" normalizationFrequency="1.0" numberOfPoles="4" numberOfZeros="0" publicID="ResponsePAZ/20210217133030.787054.3102" type="A">
		<zeros />
		<poles>(-400.8,567.87) (-400.8,-567.87) (-1317.3,0.0) (-4748.4,0.0)</poles>
		<remark />
	</responsePAZ>
</inventory>